cluster	gene	avg_log_normalized_expression	pct_expressing	cluster_cell_count
0	CD3D	0.0644400773559638	0.0618078084796957	17878
0	CD3E	0.0505502348415155	0.0525226535406645	17878
0	TRAC	0.0588068576463832	0.052858261550509	17878
0	CD4	0.0292138687883157	0.0290300928515494	17878
0	IL7R	0.0710777060147208	0.0741134355073274	17878
0	CCR7	0.0146839088396861	0.0136480590670097	17878
0	LTB	0.399888043342087	0.204944624678376	17878
0	MALAT1	4.32408711616932	0.986855352947757	17878
0	FOXP3	0.0112519849934837	0.00950889361226088	17878
0	IL2RA	0.0283926892660386	0.0324421076183018	17878
0	CTLA4	0.0203268878151821	0.0212551739568184	17878
0	CD8A	0.0178880661427613	0.0173956818436067	17878
0	CD8B	0.00975128732956224	0.00939702427564605	17878
0	GZMK	0.012524757442341	0.011130998993176	17878
0	CCL5	0.466395700309226	0.420628705671775	17878
0	NKG7	0.0440003628812511	0.0427340865868665	17878
0	GNLY	0.0744142173739935	0.0905022933214006	17878
0	GZMB	0.0258684430172984	0.0297013088712384	17878
0	PRF1	0.0145647502758713	0.0144311444233136	17878
0	KLRD1	0.161528449229002	0.172838125069918	17878
0	FCER1G	1.09236038814737	0.495469291867099	17878
0	TRDC	0.0026462128050071	0.00257299474214118	17878
0	MS4A1	0.0324131901782129	0.0181787671999105	17878
0	CD79A	0.042312706382807	0.039713614498266	17878
0	CD74	0.887975108410482	0.493120035798188	17878
0	CD37	0.574424662889926	0.305403288958497	17878
0	CD27	0.0112415898417753	0.0110191296565611	17878
0	MZB1	0.0950720964716851	0.1063318044524	17878
0	JCHAIN	0.42517946838695	0.278890256180781	17878
0	XBP1	0.219996812649118	0.152477905806019	17878
0	SDC1	0.00958367080149094	0.0119700190177872	17878
0	LYZ	1.05638918236847	0.537644031770892	17878
0	LST1	1.1981268593254	0.534679494350598	17878
0	S100A8	3.67076087862319	0.937353171495693	17878
0	S100A9	4.7666567570212	0.971752992504755	17878
0	FCGR3A	1.1443546022929	0.615672894059738	17878
0	VCAN	0.0428449387569501	0.0548159749412686	17878
0	C1QA	0.0508599019281591	0.0585635977178655	17878
0	C1QB	0.0683746778694455	0.0752880635417832	17878
0	C1QC	0.0584864198210002	0.0658351045978297	17878
0	APOE	0.0460194007077103	0.0542566282581944	17878
0	SPP1	0.114386511924546	0.121937576910169	17878
0	CD1C	0.00195445409961332	0.00218145206398926	17878
0	CLEC10A	0.00633155652277162	0.00816646157288287	17878
0	FCER1A	0.00215282177492874	0.00251706007383376	17878
0	CLEC9A	0.0107052899479873	0.00665622552858262	17878
0	XCR1	0.000255717062435474	0.000279673341537085	17878
0	IL3RA	0.0288428866336358	0.0239400380355745	17878
0	LAMP3	0.0106507576458504	0.013815863071932	17878
0	FSCN1	0.0253472616118139	0.0307081329007719	17878
0	CCL19	0.00332162536272989	0.00520192415258978	17878
0	TPSAB1	0.0922024822971479	0.109631949882537	17878
0	TPSB2	0.211544523493794	0.212328000894955	17878
0	CPA3	0.0474294120403744	0.0578364470298691	17878
0	KIT	0.00918019909546985	0.0106835216467166	17878
0	MKI67	0.00764054234079753	0.00715963754334937	17878
0	TOP2A	0.00911412438969713	0.00866987358764963	17878
0	STMN1	0.0526125118230288	0.0591788790692471	17878
0	EPCAM	0.0385723125871834	0.0435731066114778	17878
0	KRT8	0.136764856620446	0.154491553865086	17878
0	KRT18	0.0833847628174854	0.0920125293657009	17878
0	KRT19	0.0631778135545137	0.0689674460230451	17878
0	COL1A1	0.0709253259734018	0.0906700973263228	17878
0	COL1A2	0.0441471004265858	0.0551515829511131	17878
0	COL3A1	0.0396245534579955	0.0493903121154492	17878
0	RGS5	0.0427831766554214	0.0470410560465377	17878
0	PECAM1	0.414070838655219	0.237498601633292	17878
0	VWF	0.00860543189065707	0.0116903456762501	17878
0	PLVAP	0.0142579179441083	0.015829511130999	17878
1	CD3D	0.827555575139103	0.376680324922723	13911
1	CD3E	0.745241742563836	0.380490259506865	13911
1	TRAC	0.930784568985126	0.415282869671483	13911
1	CD4	0.28425096335366	0.173100424124793	13911
1	IL7R	0.743428914306584	0.314571202645389	13911
1	CCR7	0.250656196124851	0.137373301703688	13911
1	LTB	0.689303854376322	0.340953202501617	13911
1	MALAT1	3.51779503596157	0.949967651498814	13911
1	FOXP3	0.175891043134317	0.0997771547696068	13911
1	IL2RA	0.19931394227056	0.112860326360434	13911
1	CTLA4	0.263318010888982	0.157788800230034	13911
1	CD8A	0.320032440888167	0.146574653152182	13911
1	CD8B	0.101842023497652	0.0618934656027604	13911
1	GZMK	0.206485791426181	0.100639781467903	13911
1	CCL5	1.06843875721619	0.50291136510675	13911
1	NKG7	0.399499584920658	0.189202789159658	13911
1	GNLY	0.139047289337754	0.0984832147221623	13911
1	GZMB	0.182810226318365	0.109769247358206	13911
1	PRF1	0.166217136207733	0.0958953346272734	13911
1	KLRD1	0.158734457509071	0.155919775717058	13911
1	FCER1G	0.222378096906687	0.151390985551003	13911
1	TRDC	0.0310658071839008	0.0162461361512472	13911
1	MS4A1	0.555583781856598	0.194953633814967	13911
1	CD79A	0.401325938415368	0.182301775573287	13911
1	CD74	1.91457678114814	0.689166846380562	13911
1	CD37	0.761579025183922	0.399683703543958	13911
1	CD27	0.150450394454413	0.102724462655453	13911
1	MZB1	0.168780602741634	0.134785421608799	13911
1	JCHAIN	0.803264667578348	0.476313708575947	13911
1	XBP1	0.322856906182528	0.211990511106319	13911
1	SDC1	0.0208474000288198	0.0228596075048523	13911
1	LYZ	0.338752970697832	0.293221191862555	13911
1	LST1	0.236319657530646	0.146215225361225	13911
1	S100A8	0.547346146848773	0.2670548486809	13911
1	S100A9	0.938454636625519	0.385737905254834	13911
1	FCGR3A	0.174460587382708	0.119976996621379	13911
1	VCAN	0.0199879292011151	0.0309826755804759	13911
1	C1QA	0.0502929255857121	0.0640500323485012	13911
1	C1QB	0.0685024968945412	0.0831715908274028	13911
1	C1QC	0.0527755625007291	0.0695133347710445	13911
1	APOE	0.052116672630094	0.0656315146287111	13911
1	SPP1	0.0644578842948241	0.0688663647473223	13911
1	CD1C	0.0235544668294029	0.0164617928258213	13911
1	CLEC10A	0.00569270458763163	0.00790741140104953	13911
1	FCER1A	0.00524924547830464	0.00380993458414205	13911
1	CLEC9A	0.00169341340451471	0.00129394004744447	13911
1	XCR1	4.75569589709888e-05	7.18855581913594e-05	13911
1	IL3RA	0.0190968702927795	0.0154553950111423	13911
1	LAMP3	0.00905879630402383	0.0141614549636978	13911
1	FSCN1	0.0435626303885477	0.0419811659837539	13911
1	CCL19	0.00154228276390281	0.00287542232765437	13911
1	TPSAB1	0.0627716828123146	0.0791459995686867	13911
1	TPSB2	0.117421172242384	0.135072963841564	13911
1	CPA3	0.0347571760061388	0.0477320106390626	13911
1	KIT	0.0200424292240786	0.0164617928258213	13911
1	MKI67	0.0460232740848404	0.0323485011861117	13911
1	TOP2A	0.0549600100306442	0.0386744303069513	13911
1	STMN1	0.316748865431211	0.19143124146359	13911
1	EPCAM	0.0229439531453779	0.0346488390482352	13911
1	KRT8	0.0844460290912376	0.10948170512544	13911
1	KRT18	0.0561218730682058	0.0685069369563655	13911
1	KRT19	0.0415009403833965	0.0506793185249084	13911
1	COL1A1	0.0446127746376342	0.0649845446049889	13911
1	COL1A2	0.0257338360341705	0.0397527136798217	13911
1	COL3A1	0.0339403319458738	0.0494572640356552	13911
1	RGS5	0.0459861358416747	0.061605923369995	13911
1	PECAM1	0.102521976004024	0.0820933074545324	13911
1	VWF	0.0076425002319816	0.0118611171015743	13911
1	PLVAP	0.0183399251015092	0.0273165121127166	13911
10	CD3D	0.0438908506232358	0.0650907845152449	2919
10	CD3E	0.0465627441677006	0.0835902706406304	2919
10	TRAC	0.0566529893352836	0.0904419321685509	2919
10	CD4	0.178404049375588	0.177800616649538	2919
10	IL7R	0.127996763065176	0.139773895169579	2919
10	CCR7	0.0110573846178554	0.0195272353545735	2919
10	LTB	0.0278847587969502	0.0496745460774238	2919
10	MALAT1	2.41638869864799	0.909558067831449	2919
10	FOXP3	0.00734748556405698	0.0167865707434053	2919
10	IL2RA	0.0156935722178686	0.0373415553271668	2919
10	CTLA4	0.0145387614124979	0.0277492291880781	2919
10	CD8A	0.0245229624319555	0.0387118876327509	2919
10	CD8B	0.00610835345848779	0.0147310722850291	2919
10	GZMK	0.0131601361237675	0.0219253168893457	2919
10	CCL5	0.208907823782442	0.339157245632066	2919
10	NKG7	0.0427088136317761	0.0781089414182939	2919
10	GNLY	0.0466690684523967	0.0859883521754025	2919
10	GZMB	0.0290106611515298	0.0517300445357999	2919
10	PRF1	0.0185961790575687	0.0315176430284344	2919
10	KLRD1	0.0567837435380996	0.140116478245975	2919
10	FCER1G	0.103856949691651	0.147995889003083	2919
10	TRDC	0.00307092618878623	0.00479616306954436	2919
10	MS4A1	0.0271169616438053	0.0332305584104145	2919
10	CD79A	0.0426797399584775	0.0798218568002741	2919
10	CD74	0.623880372059795	0.489893799246317	2919
10	CD37	0.0558797048694663	0.0928400137033231	2919
10	CD27	0.0123915481864351	0.0253511476533059	2919
10	MZB1	0.104614233013448	0.177458033573142	2919
10	JCHAIN	0.737643610867653	0.670435080507023	2919
10	XBP1	0.546183274077808	0.437136005481329	2919
10	SDC1	0.0403445130264077	0.0671462829736211	2919
10	LYZ	0.398389621340248	0.406646111682083	2919
10	LST1	0.0568535095810314	0.0842754367934224	2919
10	S100A8	0.197392034741764	0.173689619732785	2919
10	S100A9	0.30322460334223	0.272010962658445	2919
10	FCGR3A	0.0676145563237519	0.101404590613224	2919
10	VCAN	0.859898285190171	0.436450839328537	2919
10	C1QA	0.0867447240512886	0.140116478245975	2919
10	C1QB	0.0988990459239726	0.159643713600548	2919
10	C1QC	0.0808891969644676	0.138060979787598	2919
10	APOE	0.786573748054238	0.432339842411785	2919
10	SPP1	0.0359545884707467	0.0681740322028092	2919
10	CD1C	0.00268173755350716	0.00342583076396026	2919
10	CLEC10A	0.0094669654658197	0.0184994861253854	2919
10	FCER1A	0.00209630357149486	0.00548132922233642	2919
10	CLEC9A	0.00132610020173972	0.00239808153477218	2919
10	XCR1	0.000670800506642863	0.000685166152792052	2919
10	IL3RA	0.0107998429342598	0.0226104830421377	2919
10	LAMP3	0.00852449919275093	0.0178143199725934	2919
10	FSCN1	0.189041745673819	0.201096265844467	2919
10	CCL19	0.0450332103322747	0.0284343953408702	2919
10	TPSAB1	0.0918144064445667	0.172661870503597	2919
10	TPSB2	0.157954491676387	0.241863651935594	2919
10	CPA3	0.0582713215671048	0.124700239808153	2919
10	KIT	0.0270978676106029	0.039054470709147	2919
10	MKI67	0.0176580891651682	0.0239808153477218	2919
10	TOP2A	0.0239752984206316	0.0277492291880781	2919
10	STMN1	0.265262841549633	0.247344981157931	2919
10	EPCAM	0.0399825761284987	0.0839328537170264	2919
10	KRT8	0.20013346818007	0.292908530318602	2919
10	KRT18	0.359779957662727	0.321685508735868	2919
10	KRT19	0.0672900681869574	0.13189448441247	2919
10	COL1A1	2.56309484134387	0.821514217197671	2919
10	COL1A2	2.89843667805626	0.89140116478246	2919
10	COL3A1	3.11308773541186	0.899623158615965	2919
10	RGS5	2.74058656504282	0.648167180541281	2919
10	PECAM1	0.0503682823633413	0.0966084275436793	2919
10	VWF	0.0186586097149331	0.0387118876327509	2919
10	PLVAP	0.0504021631652114	0.0859883521754025	2919
11	CD3D	0.142239006849104	0.25278524779101	2603
11	CD3E	0.155191151728252	0.306569343065693	2603
11	TRAC	0.180617347408312	0.301190933538225	2603
11	CD4	0.0254162787599694	0.0852862082212831	2603
11	IL7R	0.0117423819324725	0.0303495966192854	2603
11	CCR7	0.00453903203291666	0.012677679600461	2603
11	LTB	0.0152802094151094	0.031886285055705	2603
11	MALAT1	1.93630755499254	0.955436035343834	2603
11	FOXP3	0.00158172305861634	0.00806761429120246	2603
11	IL2RA	0.0102046846198976	0.0353438340376489	2603
11	CTLA4	0.0506042503047082	0.114099116404149	2603
11	CD8A	0.173879105603553	0.289665770265079	2603
11	CD8B	0.054880403417778	0.0941221667306954	2603
11	GZMK	0.121945593624063	0.212063004225893	2603
11	CCL5	0.725484820289727	0.851709565885517	2603
11	NKG7	0.286184671101853	0.471379177871687	2603
11	GNLY	0.0308427020187281	0.0806761429120246	2603
11	GZMB	0.136087966680885	0.258163657318479	2603
11	PRF1	0.0990896082784998	0.201306185170957	2603
11	KLRD1	0.0468175851730568	0.139454475605071	2603
11	FCER1G	0.10174153733136	0.31655781790242	2603
11	TRDC	0.00481081733376054	0.0115251632731464	2603
11	MS4A1	0.00347204976870243	0.00576258163657319	2603
11	CD79A	0.00492329304954403	0.00883595850941222	2603
11	CD74	2.39977613236714	0.958509412216673	2603
11	CD37	0.0620677993341123	0.136765270841337	2603
11	CD27	0.0335326577984442	0.057241644256627	2603
11	MZB1	0.0109875219296816	0.0238186707645025	2603
11	JCHAIN	0.00896476414093112	0.0188244333461391	2603
11	XBP1	0.559450446810124	0.591240875912409	2603
11	SDC1	0.954712512259835	0.810987322320399	2603
11	LYZ	0.332004613467772	0.68190549366116	2603
11	LST1	0.0356016979526104	0.112178255858625	2603
11	S100A8	4.35218412947604	0.995389934690741	2603
11	S100A9	4.81432068410262	0.996158278908951	2603
11	FCGR3A	0.097434409914535	0.286208221283135	2603
11	VCAN	0.00469144273231473	0.0172877449097196	2603
11	C1QA	0.140589932503603	0.407990779869381	2603
11	C1QB	0.282372820721788	0.631578947368421	2603
11	C1QC	0.179590288019551	0.497887053399923	2603
11	APOE	0.207656197880664	0.54091432961967	2603
11	SPP1	0.0427404597117182	0.162504802151364	2603
11	CD1C	0.00208843549390933	0.00845178640030734	2603
11	CLEC10A	0.0176147002395402	0.0756819054936612	2603
11	FCER1A	0.00223948316140104	0.00883595850941222	2603
11	CLEC9A	0.00204937564425445	0.00614675374567806	2603
11	XCR1	0.000377648632767881	0.00192086054552439	2603
11	IL3RA	0.00422578683171392	0.019208605455244	2603
11	LAMP3	0.141953119622999	0.279677295428352	2603
11	FSCN1	0.586436706980613	0.638109873223204	2603
11	CCL19	0.000688841298119364	0.00268920476373415	2603
11	TPSAB1	0.130695695685742	0.413753361505955	2603
11	TPSB2	0.154746406627504	0.471763349980791	2603
11	CPA3	0.114980574234013	0.377257011140991	2603
11	KIT	0.0120103604009745	0.0441797925470611	2603
11	MKI67	0.112079100453433	0.227814060699193	2603
11	TOP2A	0.109323268684686	0.197848636189013	2603
11	STMN1	0.383875616150939	0.542835190165194	2603
11	EPCAM	0.0919810727528569	0.192086054552439	2603
11	KRT8	0.435959586006115	0.603534383403765	2603
11	KRT18	0.527292173137373	0.672685363042643	2603
11	KRT19	2.7580472530467	0.965424510180561	2603
11	COL1A1	0.0292777709305832	0.0883595850941222	2603
11	COL1A2	0.015519708876497	0.0637725701114099	2603
11	COL3A1	0.021079744245884	0.0929696504033807	2603
11	RGS5	0.0244101588484459	0.0799077986938148	2603
11	PECAM1	0.0311255528263423	0.0914329619669612	2603
11	VWF	0.0352425953225226	0.0995005762581637	2603
11	PLVAP	0.0123186753211121	0.0537840952746831	2603
12	CD3D	0.0380696939029626	0.0501355013550136	2214
12	CD3E	0.0362852119047455	0.0546522131887986	2214
12	TRAC	0.0444989682512398	0.0632339656729901	2214
12	CD4	0.0229515472353845	0.034327009936766	2214
12	IL7R	0.0484847010069362	0.0799457994579946	2214
12	CCR7	0.00815744105268563	0.0167118337850045	2214
12	LTB	0.0334125971704515	0.0487804878048781	2214
12	MALAT1	2.58480843793906	0.908310749774164	2214
12	FOXP3	0.00417505216840983	0.00903342366757001	2214
12	IL2RA	0.0127401167611994	0.029810298102981	2214
12	CTLA4	0.00654185800540669	0.014453477868112	2214
12	CD8A	0.0242197311792926	0.0365853658536585	2214
12	CD8B	0.00515568882220773	0.00993676603432701	2214
12	GZMK	0.016495856480031	0.020776874435411	2214
12	CCL5	0.23385777982387	0.341463414634146	2214
12	NKG7	0.0432890109615638	0.0632339656729901	2214
12	GNLY	0.0421615758524154	0.0587172538392051	2214
12	GZMB	0.0223688478492468	0.0338753387533875	2214
12	PRF1	0.0109300394301412	0.0212285456187895	2214
12	KLRD1	0.078061265520014	0.142728093947606	2214
12	FCER1G	0.0639220642816709	0.0840108401084011	2214
12	TRDC	0.00388187200477646	0.00496838301716351	2214
12	MS4A1	0.0220782971812032	0.023486901535682	2214
12	CD79A	0.0395233098603174	0.0596205962059621	2214
12	CD74	2.50704824792606	0.849141824751581	2214
12	CD37	0.0499303082840815	0.0718157181571816	2214
12	CD27	0.0103032319755595	0.017163504968383	2214
12	MZB1	0.10893283282925	0.173893405600723	2214
12	JCHAIN	0.976233964852064	0.75609756097561	2214
12	XBP1	0.371334658632535	0.327461607949413	2214
12	SDC1	0.0227618620184762	0.0447154471544715	2214
12	LYZ	0.475980073440988	0.410569105691057	2214
12	LST1	0.0423192711391022	0.0582655826558266	2214
12	S100A8	0.143437093664447	0.125112917795845	2214
12	S100A9	0.217614669827817	0.205510388437218	2214
12	FCGR3A	0.0532792271379436	0.0790424570912376	2214
12	VCAN	0.0186837856890625	0.035230352303523	2214
12	C1QA	0.0571339200816805	0.0948509485094851	2214
12	C1QB	0.0891077492950353	0.121951219512195	2214
12	C1QC	0.0577178283948074	0.0975609756097561	2214
12	APOE	0.0746385843553963	0.116982836495032	2214
12	SPP1	0.0676700526901912	0.0618789521228546	2214
12	CD1C	0.00221408933772574	0.002710027100271	2214
12	CLEC10A	0.0113186970068641	0.0176151761517615	2214
12	FCER1A	0.00238162871813285	0.003613369467028	2214
12	CLEC9A	0.00358802456437683	0.003613369467028	2214
12	XCR1	0.000383078967750598	0.000451671183378501	2214
12	IL3RA	0.41875589770736	0.321589882565492	2214
12	LAMP3	0.0263706380392991	0.0356820234869015	2214
12	FSCN1	0.648728025459886	0.429990966576333	2214
12	CCL19	0.00242758143497277	0.00496838301716351	2214
12	TPSAB1	0.0804484435694613	0.133694670280036	2214
12	TPSB2	0.115024029507857	0.177055103884372	2214
12	CPA3	0.0485183043998962	0.0934959349593496	2214
12	KIT	0.0450897822056825	0.043360433604336	2214
12	MKI67	0.0101527949697781	0.012646793134598	2214
12	TOP2A	0.0212529661073692	0.0239385727190605	2214
12	STMN1	0.397526919088541	0.292682926829268	2214
12	EPCAM	0.0427780295157242	0.0713640469738031	2214
12	KRT8	0.133400845149939	0.211833785004517	2214
12	KRT18	0.107630168584983	0.144986449864499	2214
12	KRT19	0.0674070542677482	0.116079494128275	2214
12	COL1A1	0.0891915909796754	0.115176151761518	2214
12	COL1A2	0.0962338136292063	0.112466124661247	2214
12	COL3A1	0.147340846787933	0.15356820234869	2214
12	RGS5	0.463421492540682	0.23803071364047	2214
12	PECAM1	2.20583545501005	0.824751580849142	2214
12	VWF	1.88083689093576	0.752032520325203	2214
12	PLVAP	3.32240816088201	0.917344173441735	2214
13	CD3D	0.297273574050879	0.18106015485408	1679
13	CD3E	0.257467664089087	0.176891006551519	1679
13	TRAC	0.326486733200106	0.199523525908279	1679
13	CD4	0.189382712536491	0.14353782013103	1679
13	IL7R	0.468872049354137	0.245979749851102	1679
13	CCR7	0.487613671160287	0.226920786182251	1679
13	LTB	0.48829333926556	0.270994639666468	1679
13	MALAT1	3.66469639567083	0.938058368076236	1679
13	FOXP3	0.071954851522579	0.049434187016081	1679
13	IL2RA	0.161596129649102	0.111375818939845	1679
13	CTLA4	0.115406385767326	0.0815961882072662	1679
13	CD8A	0.115479486937035	0.0756402620607504	1679
13	CD8B	0.0405959399391524	0.0309708159618821	1679
13	GZMK	0.0901029753481539	0.0595592614651578	1679
13	CCL5	0.654427007291896	0.481238832638475	1679
13	NKG7	0.219730107638158	0.13579511614056	1679
13	GNLY	0.122907296362364	0.105419892793329	1679
13	GZMB	0.13371784524809	0.0917212626563431	1679
13	PRF1	0.0907340621942899	0.0678975580702799	1679
13	KLRD1	0.146397703611761	0.182846932698035	1679
13	FCER1G	0.761498321649676	0.378796902918404	1679
13	TRDC	0.0166910202367121	0.0142942227516379	1679
13	MS4A1	0.387306377219617	0.142346634901727	1679
13	CD79A	0.258722382247488	0.141155449672424	1679
13	CD74	2.7992829297783	0.787373436569387	1679
13	CD37	0.589981629654949	0.35080405002978	1679
13	CD27	0.0652175883675436	0.0565812983918999	1679
13	MZB1	0.126935629979288	0.14353782013103	1679
13	JCHAIN	0.566674849146299	0.380583680762359	1679
13	XBP1	0.336552846406914	0.252531268612269	1679
13	SDC1	0.0182747868416967	0.0303752233472305	1679
13	LYZ	1.05235012942919	0.484216795711733	1679
13	LST1	0.683367125142	0.378201310303752	1679
13	S100A8	1.33699633299674	0.508636092912448	1679
13	S100A9	2.00455516552416	0.63013698630137	1679
13	FCGR3A	0.534288057286021	0.333531864204884	1679
13	VCAN	0.0335926174587643	0.0416914830256105	1679
13	C1QA	0.0962238399242383	0.103633114949375	1679
13	C1QB	0.157461816854656	0.152471709350804	1679
13	C1QC	0.0964068968755601	0.116140559857058	1679
13	APOE	0.0999101959636072	0.108993448481239	1679
13	SPP1	0.0902989428452696	0.104228707564026	1679
13	CD1C	0.0553129645794606	0.0399047051816557	1679
13	CLEC10A	0.0593766571589143	0.0428826682549136	1679
13	FCER1A	0.0124287526734101	0.0101250744490768	1679
13	CLEC9A	0.0601066753569584	0.0428826682549136	1679
13	XCR1	0.0429846578732719	0.0297796307325789	1679
13	IL3RA	0.0555243865153096	0.0512209648600357	1679
13	LAMP3	0.86202572208641	0.391304347826087	1679
13	FSCN1	0.768461401232681	0.288266825491364	1679
13	CCL19	0.241996589752964	0.108993448481239	1679
13	TPSAB1	0.0725257860239122	0.110780226325194	1679
13	TPSB2	0.134290327387593	0.168552709946397	1679
13	CPA3	0.0421025067029799	0.0678975580702799	1679
13	KIT	0.0200348519035441	0.0262060750446695	1679
13	MKI67	0.0238825231421228	0.0279928528886242	1679
13	TOP2A	0.0287119705094934	0.03394877903514	1679
13	STMN1	0.257908134634824	0.189398451459202	1679
13	EPCAM	0.0209113886110394	0.0416914830256105	1679
13	KRT8	0.103489475895673	0.151876116736152	1679
13	KRT18	0.0760618132381138	0.0994639666468136	1679
13	KRT19	0.0452480898326361	0.0637284097677189	1679
13	COL1A1	0.0521035456817217	0.0786182251340083	1679
13	COL1A2	0.0205520160522811	0.0512209648600357	1679
13	COL3A1	0.0306460131788287	0.0601548540798094	1679
13	RGS5	0.0315231339223254	0.0643240023823705	1679
13	PECAM1	0.171986277257611	0.142346634901727	1679
13	VWF	0.00681537390843725	0.01131625967838	1679
13	PLVAP	0.024642753073666	0.0363311494937463	1679
14	CD3D	0.309848247365391	0.161785216178522	1434
14	CD3E	0.313140997987457	0.171548117154812	1434
14	TRAC	0.325192971903948	0.166666666666667	1434
14	CD4	0.0885933814952	0.0606694560669456	1434
14	IL7R	0.302530223644372	0.169456066945607	1434
14	CCR7	0.0955988390591943	0.0571827057182706	1434
14	LTB	0.333405267907229	0.170850767085077	1434
14	MALAT1	4.83584252638516	0.99163179916318	1434
14	FOXP3	0.0562723216589379	0.0355648535564854	1434
14	IL2RA	0.0923143627456635	0.0767085076708508	1434
14	CTLA4	0.0884281751148763	0.0599721059972106	1434
14	CD8A	0.146245768076319	0.0808926080892608	1434
14	CD8B	0.0713776309230339	0.0390516039051604	1434
14	GZMK	0.0883168428873929	0.0502092050209205	1434
14	CCL5	1.09896200018711	0.603207810320781	1434
14	NKG7	0.290914451696317	0.138075313807531	1434
14	GNLY	0.223132398082218	0.124128312412831	1434
14	GZMB	0.166609500054375	0.0878661087866109	1434
14	PRF1	0.124780947370568	0.0697350069735007	1434
14	KLRD1	0.238251320257735	0.229428172942817	1434
14	FCER1G	0.334150851098894	0.208507670850767	1434
14	TRDC	0.0296200725065994	0.0167364016736402	1434
14	MS4A1	0.25877021427253	0.099023709902371	1434
14	CD79A	0.262910645704751	0.152719665271967	1434
14	CD74	1.38594384941377	0.617154811715481	1434
14	CD37	0.436886923709774	0.267085076708508	1434
14	CD27	0.0843084718586788	0.0683403068340307	1434
14	MZB1	0.697882625191616	0.317991631799163	1434
14	JCHAIN	1.23470719573198	0.48884239888424	1434
14	XBP1	0.56827102336779	0.298465829846583	1434
14	SDC1	0.0730755045700754	0.0523012552301255	1434
14	LYZ	0.528038881440414	0.345188284518828	1434
14	LST1	0.297248121228612	0.177126917712692	1434
14	S100A8	0.808393594818763	0.322873082287308	1434
14	S100A9	1.24162974622989	0.433751743375174	1434
14	FCGR3A	0.213117478647631	0.149232914923292	1434
14	VCAN	0.0519828593636573	0.0488145048814505	1434
14	C1QA	0.076103661608176	0.0739191073919107	1434
14	C1QB	0.117182186770773	0.103207810320781	1434
14	C1QC	0.0871976447924222	0.0857740585774059	1434
14	APOE	0.0777928885288037	0.0794979079497908	1434
14	SPP1	0.104597232231084	0.0857740585774059	1434
14	CD1C	0.0105261690413374	0.00836820083682008	1434
14	CLEC10A	0.0109605471929309	0.00767085076708508	1434
14	FCER1A	0.00289427613010814	0.00278940027894003	1434
14	CLEC9A	0.00385637170074472	0.00278940027894003	1434
14	XCR1	0	0	1434
14	IL3RA	0.0257148279368969	0.0195258019525802	1434
14	LAMP3	0.0260709777015177	0.0251046025104603	1434
14	FSCN1	0.0327465999000033	0.0327754532775453	1434
14	CCL19	0.00530117449157018	0.00278940027894003	1434
14	TPSAB1	0.105852678777961	0.122036262203626	1434
14	TPSB2	0.193373156361897	0.188981868898187	1434
14	CPA3	0.0534521449401108	0.0655509065550907	1434
14	KIT	0.0130928280792324	0.0160390516039052	1434
14	MKI67	0.0683750079059676	0.0355648535564854	1434
14	TOP2A	0.0243973875447065	0.0188284518828452	1434
14	STMN1	0.14548604941322	0.112970711297071	1434
14	EPCAM	0.0596230524438027	0.0557880055788006	1434
14	KRT8	0.24104760744801	0.202928870292887	1434
14	KRT18	0.195049206350978	0.141562064156206	1434
14	KRT19	0.105634408301195	0.0808926080892608	1434
14	COL1A1	0.0633421274588798	0.0767085076708508	1434
14	COL1A2	0.0421549410390303	0.0509065550906555	1434
14	COL3A1	0.0409417168124235	0.0439330543933054	1434
14	RGS5	0.0592369031191139	0.0725244072524407	1434
14	PECAM1	0.134574161223265	0.102510460251046	1434
14	VWF	0.0138188484251104	0.0146443514644351	1434
14	PLVAP	0.025084958099088	0.0299860529986053	1434
15	CD3D	0.0623400682361392	0.102739726027397	292
15	CD3E	0.0518152857201013	0.0650684931506849	292
15	TRAC	0.0824040323580789	0.089041095890411	292
15	CD4	0.0395307575408237	0.0547945205479452	292
15	IL7R	0.095050911805548	0.126712328767123	292
15	CCR7	0.0231385996044031	0.0308219178082192	292
15	LTB	0.102919297132056	0.133561643835616	292
15	MALAT1	2.42908367101796	0.907534246575342	292
15	FOXP3	0.00457447167125125	0.0171232876712329	292
15	IL2RA	0.0384506729031027	0.0616438356164384	292
15	CTLA4	0.0418922209224343	0.0616438356164384	292
15	CD8A	0.0315610249834354	0.0650684931506849	292
15	CD8B	0.245869493436308	0.297945205479452	292
15	GZMK	0.0156987727452301	0.0205479452054795	292
15	CCL5	0.244266195301165	0.407534246575343	292
15	NKG7	0.0623532735443629	0.0924657534246575	292
15	GNLY	0.0742838309404433	0.0993150684931507	292
15	GZMB	0.0495223796447579	0.0856164383561644	292
15	PRF1	0.109515739717934	0.147260273972603	292
15	KLRD1	0.125053285988849	0.321917808219178	292
15	FCER1G	0.117706835570785	0.174657534246575	292
15	TRDC	0.00776446151048478	0.0102739726027397	292
15	MS4A1	0.0437030318267429	0.0582191780821918	292
15	CD79A	0.0637702190275008	0.0958904109589041	292
15	CD74	0.879550597063614	0.688356164383562	292
15	CD37	0.139505639086751	0.178082191780822	292
15	CD27	0.0316101485626868	0.0376712328767123	292
15	MZB1	0.118316511149463	0.226027397260274	292
15	JCHAIN	0.59755269504886	0.732876712328767	292
15	XBP1	1.27802120459013	0.780821917808219	292
15	SDC1	0.27591925140138	0.318493150684932	292
15	LYZ	0.978769981212514	0.633561643835616	292
15	LST1	0.0996386004346836	0.147260273972603	292
15	S100A8	0.310319989445078	0.236301369863014	292
15	S100A9	0.577911142699541	0.404109589041096	292
15	FCGR3A	0.0928087960008296	0.147260273972603	292
15	VCAN	0.0243375173463072	0.0410958904109589	292
15	C1QA	0.0462220049253834	0.0993150684931507	292
15	C1QB	0.0809546356893298	0.164383561643836	292
15	C1QC	0.0306855427159998	0.116438356164384	292
15	APOE	0.143247436576259	0.212328767123288	292
15	SPP1	0.894491195823354	0.513698630136986	292
15	CD1C	0.00234285329403213	0.00684931506849315	292
15	CLEC10A	0.000352355399418299	0.00342465753424658	292
15	FCER1A	0.000910036040651007	0.00684931506849315	292
15	CLEC9A	0	0	292
15	XCR1	0	0	292
15	IL3RA	0.00517966869556715	0.0171232876712329	292
15	LAMP3	0.0462037545418	0.102739726027397	292
15	FSCN1	0.264479935908158	0.284246575342466	292
15	CCL19	0	0	292
15	TPSAB1	0.047574729958705	0.10958904109589	292
15	TPSB2	0.0703142950176586	0.164383561643836	292
15	CPA3	0.0299190828049385	0.089041095890411	292
15	KIT	0.0178486091236253	0.0479452054794521	292
15	MKI67	0.0877778504170616	0.0684931506849315	292
15	TOP2A	0.0442882601396282	0.0616438356164384	292
15	STMN1	0.785575575305598	0.602739726027397	292
15	EPCAM	1.82477030535159	0.863013698630137	292
15	KRT8	1.8594745626566	0.904109589041096	292
15	KRT18	1.59599744440185	0.835616438356164	292
15	KRT19	1.02214239486266	0.684931506849315	292
15	COL1A1	0.0335484869773071	0.11986301369863	292
15	COL1A2	0.015098505534713	0.0719178082191781	292
15	COL3A1	0.0282703117424431	0.102739726027397	292
15	RGS5	0.0892436051351943	0.167808219178082	292
15	PECAM1	0.0392721053893294	0.11986301369863	292
15	VWF	0.00553198981293468	0.0410958904109589	292
15	PLVAP	0.0159316280466203	0.0684931506849315	292
16	CD3D	0.616530371296256	0.292929292929293	198
16	CD3E	0.620655765415651	0.388888888888889	198
16	TRAC	0.796217717547793	0.404040404040404	198
16	CD4	0.119346304047079	0.101010101010101	198
16	IL7R	0.730551968612243	0.282828282828283	198
16	CCR7	0.111386852839059	0.0858585858585859	198
16	LTB	0.472595829448496	0.267676767676768	198
16	MALAT1	3.16149266026553	0.868686868686869	198
16	FOXP3	0.058271509175098	0.0303030303030303	198
16	IL2RA	0.0723023502761358	0.0505050505050505	198
16	CTLA4	0.124019241632106	0.0808080808080808	198
16	CD8A	0.537632660748455	0.227272727272727	198
16	CD8B	0.111264973784632	0.0707070707070707	198
16	GZMK	0.326992933001546	0.161616161616162	198
16	CCL5	1.4215298081543	0.505050505050505	198
16	NKG7	0.650042954838407	0.282828282828283	198
16	GNLY	0.234782308168441	0.106060606060606	198
16	GZMB	0.39583230923068	0.191919191919192	198
16	PRF1	0.2785249691961	0.151515151515152	198
16	KLRD1	0.14157793621825	0.171717171717172	198
16	FCER1G	0.147960643600255	0.0808080808080808	198
16	TRDC	0.0850960775956707	0.0353535353535354	198
16	MS4A1	0.498257001240639	0.202020202020202	198
16	CD79A	0.242217239575737	0.131313131313131	198
16	CD74	1.40795297431662	0.540404040404041	198
16	CD37	0.651712154727098	0.318181818181818	198
16	CD27	0.0646306847677194	0.0606060606060606	198
16	MZB1	0.119528538255143	0.0909090909090909	198
16	JCHAIN	0.988631902678189	0.712121212121212	198
16	XBP1	0.380020917316874	0.232323232323232	198
16	SDC1	0.0303632275541457	0.0353535353535354	198
16	LYZ	0.532760074600668	0.252525252525253	198
16	LST1	0.201711132802314	0.131313131313131	198
16	S100A8	0.437219616314748	0.171717171717172	198
16	S100A9	0.729231963312223	0.222222222222222	198
16	FCGR3A	0.198777744503958	0.146464646464646	198
16	VCAN	0.00897191480773292	0.00505050505050505	198
16	C1QA	0.0656162036993472	0.0454545454545455	198
16	C1QB	0.0474763497619867	0.0353535353535354	198
16	C1QC	0.0358756800174354	0.0303030303030303	198
16	APOE	0.0491778488825995	0.0252525252525253	198
16	SPP1	0.137393168726005	0.0757575757575758	198
16	CD1C	0.0145628955492189	0.0202020202020202	198
16	CLEC10A	0.0235708913214553	0.00505050505050505	198
16	FCER1A	0	0	198
16	CLEC9A	0	0	198
16	XCR1	0	0	198
16	IL3RA	0.0144116350243064	0.0101010101010101	198
16	LAMP3	0.00560400947790414	0.0101010101010101	198
16	FSCN1	0.0624506590820825	0.0454545454545455	198
16	CCL19	0	0	198
16	TPSAB1	0.0391143521388783	0.0303030303030303	198
16	TPSB2	0.0449065030702295	0.0505050505050505	198
16	CPA3	0.0516372113453338	0.0454545454545455	198
16	KIT	0.0262234908314373	0.0151515151515152	198
16	MKI67	0.0249181758068278	0.0252525252525253	198
16	TOP2A	0.033296845877392	0.0151515151515152	198
16	STMN1	0.312164142809712	0.176767676767677	198
16	EPCAM	0.142665992280214	0.0858585858585859	198
16	KRT8	0.210000333708046	0.141414141414141	198
16	KRT18	0.0929631750039909	0.0555555555555556	198
16	KRT19	0.0906746509367982	0.0707070707070707	198
16	COL1A1	0.0152728997387874	0.0202020202020202	198
16	COL1A2	0.0111680822706139	0.0101010101010101	198
16	COL3A1	0.0343499371354444	0.0454545454545455	198
16	RGS5	0.0156734605172451	0.0353535353535354	198
16	PECAM1	0.0704215026984587	0.0555555555555556	198
16	VWF	0.00430596230095126	0.0101010101010101	198
16	PLVAP	0.0643604789135682	0.0252525252525253	198
17	CD3D	0.170072085280223	0.119170984455959	193
17	CD3E	0.174161080119155	0.145077720207254	193
17	TRAC	0.229926096782055	0.150259067357513	193
17	CD4	0.067073427058126	0.0621761658031088	193
17	IL7R	0.240655951953677	0.155440414507772	193
17	CCR7	0.112836446705447	0.077720207253886	193
17	LTB	0.411299437818571	0.233160621761658	193
17	MALAT1	3.47382887578958	0.922279792746114	193
17	FOXP3	0.0481415723090884	0.0259067357512953	193
17	IL2RA	0.0795097214218674	0.0569948186528497	193
17	CTLA4	0.107662354983514	0.0621761658031088	193
17	CD8A	0.114940629566671	0.0880829015544041	193
17	CD8B	0.0149255147341027	0.0207253886010363	193
17	GZMK	0.111560454377034	0.0829015544041451	193
17	CCL5	0.607166745810355	0.450777202072539	193
17	NKG7	0.227083467789719	0.139896373056995	193
17	GNLY	0.0977528780854372	0.0466321243523316	193
17	GZMB	0.09271459218888	0.0621761658031088	193
17	PRF1	0.0715821860255398	0.0621761658031088	193
17	KLRD1	0.107648119650675	0.124352331606218	193
17	FCER1G	0.199997341357689	0.155440414507772	193
17	TRDC	0.0483286943689714	0.0362694300518135	193
17	MS4A1	0.460369467934261	0.238341968911917	193
17	CD79A	0.809577691094987	0.435233160621762	193
17	CD74	2.09409751196963	0.813471502590674	193
17	CD37	0.459687001704451	0.243523316062176	193
17	CD27	0.152780237103873	0.134715025906736	193
17	MZB1	1.60729454971719	0.72020725388601	193
17	JCHAIN	5.13162372171015	1	193
17	XBP1	1.28881019748223	0.595854922279793	193
17	SDC1	0.303782983260445	0.191709844559585	193
17	LYZ	0.499333807683862	0.424870466321244	193
17	LST1	0.0802017808251864	0.0829015544041451	193
17	S100A8	0.399244514811817	0.305699481865285	193
17	S100A9	0.739974289469481	0.50259067357513	193
17	FCGR3A	0.0883416599312552	0.0984455958549223	193
17	VCAN	0.0303573387685905	0.0466321243523316	193
17	C1QA	0.0478213874480967	0.0725388601036269	193
17	C1QB	0.0595274987740169	0.0829015544041451	193
17	C1QC	0.0908700960424732	0.113989637305699	193
17	APOE	0.112148627750075	0.145077720207254	193
17	SPP1	0	0	193
17	CD1C	0.0689648944558634	0.0569948186528497	193
17	CLEC10A	0.0344014245116942	0.0310880829015544	193
17	FCER1A	0	0	193
17	CLEC9A	0.00195162749885523	0.00518134715025907	193
17	XCR1	0	0	193
17	IL3RA	0.0104784095470222	0.0103626943005181	193
17	LAMP3	0	0	193
17	FSCN1	0.0125309552137442	0.0207253886010363	193
17	CCL19	0.00466418990487295	0.00518134715025907	193
17	TPSAB1	0.0407922623372293	0.0466321243523316	193
17	TPSB2	0.0487461561897844	0.0621761658031088	193
17	CPA3	0.0770613987442849	0.077720207253886	193
17	KIT	0.00191038960728468	0.00518134715025907	193
17	MKI67	0.0223431164534485	0.0207253886010363	193
17	TOP2A	0.0292042181272243	0.0207253886010363	193
17	STMN1	0.175660829194825	0.129533678756477	193
17	EPCAM	0.0172311110583339	0.0310880829015544	193
17	KRT8	0.0622213106912714	0.0673575129533679	193
17	KRT18	0.0606371646724014	0.0829015544041451	193
17	KRT19	0.007379720234393	0.0207253886010363	193
17	COL1A1	0.0672074776882888	0.0673575129533679	193
17	COL1A2	0.0450200500800612	0.0673575129533679	193
17	COL3A1	0.0319586961577086	0.0673575129533679	193
17	RGS5	0.0726301786846663	0.0829015544041451	193
17	PECAM1	0.117192459021472	0.129533678756477	193
17	VWF	0.0179215396794537	0.0207253886010363	193
17	PLVAP	0.0300269043241576	0.0414507772020725	193
18	CD3D	0.397341111619333	0.209876543209877	81
18	CD3E	0.372617772576747	0.209876543209877	81
18	TRAC	0.262481087847485	0.197530864197531	81
18	CD4	0.169223037913032	0.111111111111111	81
18	IL7R	0.222714771745147	0.135802469135802	81
18	CCR7	0.173065359040382	0.123456790123457	81
18	LTB	0.459638133627075	0.296296296296296	81
18	MALAT1	3.50619936984692	0.938271604938272	81
18	FOXP3	0	0	81
18	IL2RA	0.0565379003738416	0.0617283950617284	81
18	CTLA4	0.121863361476336	0.111111111111111	81
18	CD8A	0.0856585503074602	0.037037037037037	81
18	CD8B	0.0519645673172615	0.0246913580246914	81
18	GZMK	0.169868107445307	0.0740740740740741	81
18	CCL5	1.02897608718199	0.506172839506173	81
18	NKG7	0.339901047354427	0.17283950617284	81
18	GNLY	0.0506545063473548	0.0493827160493827	81
18	GZMB	0.0672899138722193	0.0493827160493827	81
18	PRF1	0.106467821054469	0.0617283950617284	81
18	KLRD1	0.11081455804492	0.0864197530864198	81
18	FCER1G	0.529263525793903	0.246913580246914	81
18	TRDC	0	0	81
18	MS4A1	0.408845853489229	0.17283950617284	81
18	CD79A	0.531345689328971	0.259259259259259	81
18	CD74	1.91061813843787	0.691358024691358	81
18	CD37	0.53650758634583	0.283950617283951	81
18	CD27	0.0884640771791966	0.0617283950617284	81
18	MZB1	1.05638536892065	0.530864197530864	81
18	JCHAIN	4.37136176741958	1	81
18	XBP1	0.761719965795314	0.382716049382716	81
18	SDC1	0.157289699788192	0.123456790123457	81
18	LYZ	0.81616267668398	0.506172839506173	81
18	LST1	0.379803708908215	0.17283950617284	81
18	S100A8	1.30135938725252	0.506172839506173	81
18	S100A9	1.74538909772538	0.567901234567901	81
18	FCGR3A	0.360155000807773	0.222222222222222	81
18	VCAN	0.0204677006517121	0.0246913580246914	81
18	C1QA	0.0957046613341177	0.0987654320987654	81
18	C1QB	0.0409327996026424	0.0617283950617284	81
18	C1QC	0.153501830070167	0.135802469135802	81
18	APOE	0.0733591130657536	0.0864197530864198	81
18	SPP1	0	0	81
18	CD1C	0.0492107540921867	0.037037037037037	81
18	CLEC10A	0.128214968877509	0.0493827160493827	81
18	FCER1A	0.00378915294836635	0.0123456790123457	81
18	CLEC9A	0	0	81
18	XCR1	0	0	81
18	IL3RA	0	0	81
18	LAMP3	0.0462394049127852	0.0246913580246914	81
18	FSCN1	0.0168282213186359	0.0246913580246914	81
18	CCL19	0.0163563270207617	0.0123456790123457	81
18	TPSAB1	0.0184981296751835	0.0246913580246914	81
18	TPSB2	0.0340448426309517	0.037037037037037	81
18	CPA3	0.0218131938331746	0.0246913580246914	81
18	KIT	0.0146151205787949	0.0246913580246914	81
18	MKI67	0.0214718423183646	0.0123456790123457	81
18	TOP2A	0.0540518128622439	0.037037037037037	81
18	STMN1	0.236227749375102	0.160493827160494	81
18	EPCAM	0.00378915294836635	0.0123456790123457	81
18	KRT8	0.0701478505496051	0.0740740740740741	81
18	KRT18	0.0477973607676495	0.0617283950617284	81
18	KRT19	0.0089195780219393	0.0123456790123457	81
18	COL1A1	0.0280274430011464	0.037037037037037	81
18	COL1A2	0.0680032258777423	0.0493827160493827	81
18	COL3A1	0.0316625446574638	0.0493827160493827	81
18	RGS5	0.0203641867972589	0.0246913580246914	81
18	PECAM1	0.228046168970273	0.148148148148148	81
18	VWF	0	0	81
18	PLVAP	0.098680140633102	0.0617283950617284	81
2	CD3D	1.33028080539017	0.634038484522529	8367
2	CD3E	1.27793725247947	0.670252181188	8367
2	TRAC	1.28324015031284	0.633560415919685	8367
2	CD4	0.272329617445452	0.213816182622206	8367
2	IL7R	0.657228523890577	0.357834349229114	8367
2	CCR7	0.139729243857343	0.112585155969882	8367
2	LTB	0.476440723368991	0.307039560176885	8367
2	MALAT1	3.21205010114386	0.982670013146887	8367
2	FOXP3	0.10054923633035	0.0810326281821441	8367
2	IL2RA	0.202578195279754	0.151308712800287	8367
2	CTLA4	0.363594842242394	0.266284211784391	8367
2	CD8A	1.10232707684518	0.511055336440779	8367
2	CD8B	0.390013782915596	0.261025457153102	8367
2	GZMK	0.729926721170015	0.378988884904984	8367
2	CCL5	2.9459958185498	0.917652683160033	8367
2	NKG7	2.02990495929454	0.770407553483925	8367
2	GNLY	1.58006092408324	0.514521333811402	8367
2	GZMB	1.6834928024245	0.678379347436357	8367
2	PRF1	0.948388540416447	0.48141508306442	8367
2	KLRD1	0.532456111686573	0.409107206884188	8367
2	FCER1G	0.359695373303263	0.263057248715191	8367
2	TRDC	0.256639756215766	0.147603681128242	8367
2	MS4A1	0.190624880271557	0.106370264132903	8367
2	CD79A	0.149026938100971	0.116529221943349	8367
2	CD74	2.10464865798134	0.845583841281224	8367
2	CD37	0.746118745796605	0.502091550137445	8367
2	CD27	0.200016425251248	0.168399665351978	8367
2	MZB1	0.153673828135826	0.172582765626867	8367
2	JCHAIN	0.690762524477105	0.529102426198159	8367
2	XBP1	0.510626874373497	0.370861718656627	8367
2	SDC1	0.0203344231876166	0.0319110792398709	8367
2	LYZ	0.343944110935022	0.368232341340982	8367
2	LST1	0.195196141131189	0.175212142942512	8367
2	S100A8	0.535651200951398	0.303573562806263	8367
2	S100A9	0.804751020956246	0.405999760965699	8367
2	FCGR3A	0.392693202365982	0.272021035018525	8367
2	VCAN	0.0175575247359357	0.0374088681725828	8367
2	C1QA	0.0773954595715817	0.104338472570814	8367
2	C1QB	0.101206667151478	0.131588382932951	8367
2	C1QC	0.0741678414243033	0.112226604517748	8367
2	APOE	0.0789833429170326	0.109836261503526	8367
2	SPP1	0.0562783179590821	0.0888012429783674	8367
2	CD1C	0.00846163449559703	0.00932233775546791	8367
2	CLEC10A	0.00815844240221368	0.0125493008246683	8367
2	FCER1A	0.00633904745991206	0.00597585753555635	8367
2	CLEC9A	0.00164218933845908	0.0026293773156448	8367
2	XCR1	0.000218896745406769	0.000478068602844508	8367
2	IL3RA	0.0282073037410197	0.0271303932114258	8367
2	LAMP3	0.0217804517268599	0.0311939763356042	8367
2	FSCN1	0.0725211006900318	0.077088562208677	8367
2	CCL19	0.00189863576582712	0.00322696306920043	8367
2	TPSAB1	0.054504677069402	0.0972869606788574	8367
2	TPSB2	0.102726204113673	0.15059160989602	8367
2	CPA3	0.0358334128943643	0.0665710529460978	8367
2	KIT	0.0333437545958098	0.028206047567826	8367
2	MKI67	0.118965468034338	0.0920282060475678	8367
2	TOP2A	0.129395977800342	0.100035855145213	8367
2	STMN1	0.626327445945635	0.379347436357117	8367
2	EPCAM	0.0245641957887697	0.0487629974901398	8367
2	KRT8	0.0904282058539456	0.170072905461934	8367
2	KRT18	0.0583777266675008	0.103979921118681	8367
2	KRT19	0.0638211787160514	0.0861718656627226	8367
2	COL1A1	0.0382242392848234	0.0815106967849887	8367
2	COL1A2	0.0281037774656902	0.0625074698219194	8367
2	COL3A1	0.029678940592348	0.0643002270825864	8367
2	RGS5	0.044738375467269	0.0888012429783674	8367
2	PECAM1	0.132864839457902	0.143301063702641	8367
2	VWF	0.00641491115066635	0.0147006095374686	8367
2	PLVAP	0.0200123002416938	0.0368112824190271	8367
3	CD3D	0.117403519013187	0.11986198619862	6666
3	CD3E	0.0985302668711692	0.124512451245125	6666
3	TRAC	0.116843092755482	0.133663366336634	6666
3	CD4	0.0336556246762599	0.0561056105610561	6666
3	IL7R	0.0859348687583271	0.110561056105611	6666
3	CCR7	0.0563622253015885	0.0628562856285629	6666
3	LTB	0.106842680138194	0.117161716171617	6666
3	MALAT1	2.71839058180122	0.913141314131413	6666
3	FOXP3	0.0129584623208668	0.0211521152115212	6666
3	IL2RA	0.0294303003108414	0.0496549654965497	6666
3	CTLA4	0.03013077240909	0.0423042304230423	6666
3	CD8A	0.0641978416611745	0.0700570057005701	6666
3	CD8B	0.0213535769096966	0.0298529852985299	6666
3	GZMK	0.0438046239026862	0.0516051605160516	6666
3	CCL5	0.3532840622386	0.433243324332433	6666
3	NKG7	0.121649286878568	0.130513051305131	6666
3	GNLY	0.0827069283648483	0.111611161116112	6666
3	GZMB	0.0860873668606208	0.104410441044104	6666
3	PRF1	0.032854445823486	0.0483048304830483	6666
3	KLRD1	0.0836953953749875	0.180618061806181	6666
3	FCER1G	0.131902073220968	0.183918391839184	6666
3	TRDC	0.010940143526628	0.0126012601260126	6666
3	MS4A1	0.133023023063274	0.114611461146115	6666
3	CD79A	0.970934069192192	0.603960396039604	6666
3	CD74	1.60905560301534	0.843234323432343	6666
3	CD37	0.236848010188664	0.267926792679268	6666
3	CD27	0.301996343870993	0.302880288028803	6666
3	MZB1	2.13608047842485	0.83978397839784	6666
3	JCHAIN	4.48915899277332	0.94959495949595	6666
3	XBP1	1.73961232706135	0.788328832883288	6666
3	SDC1	0.429511528387751	0.4000900090009	6666
3	LYZ	0.343888158211074	0.435193519351935	6666
3	LST1	0.094173830223657	0.118061806180618	6666
3	S100A8	0.315923837651687	0.297779777977798	6666
3	S100A9	0.543297470486269	0.439093909390939	6666
3	FCGR3A	0.101307655438512	0.134863486348635	6666
3	VCAN	0.0163013226067107	0.0463546354635464	6666
3	C1QA	0.0572664673710883	0.126162616261626	6666
3	C1QB	0.075275518459245	0.166216621662166	6666
3	C1QC	0.055415881550252	0.143114311431143	6666
3	APOE	0.0590065937841647	0.135613561356136	6666
3	SPP1	0.0365016034112264	0.0654065406540654	6666
3	CD1C	0.00648238071653476	0.0121512151215122	6666
3	CLEC10A	0.00629945281953876	0.0228022802280228	6666
3	FCER1A	0.00323475863584807	0.00705070507050705	6666
3	CLEC9A	0.000742726042950691	0.0021002100210021	6666
3	XCR1	0.00267616177739318	0.0045004500450045	6666
3	IL3RA	0.0071912228474627	0.0171017101710171	6666
3	LAMP3	0.0129570943116298	0.0288028802880288	6666
3	FSCN1	0.0252613211994355	0.0454545454545455	6666
3	CCL19	0.00136375255476169	0.0042004200420042	6666
3	TPSAB1	0.0565427961268585	0.131263126312631	6666
3	TPSB2	0.0941264520521275	0.16966696669667	6666
3	CPA3	0.0370427564095444	0.0991599159915992	6666
3	KIT	0.00890473956634412	0.0198019801980198	6666
3	MKI67	0.0426138516435712	0.0490549054905491	6666
3	TOP2A	0.0302670653869414	0.0363036303630363	6666
3	STMN1	0.192525028104071	0.211821182118212	6666
3	EPCAM	0.0195049509544395	0.0637563756375638	6666
3	KRT8	0.0710545610185924	0.179417941794179	6666
3	KRT18	0.0517501549573316	0.118661866186619	6666
3	KRT19	0.0239637136004782	0.0687068706870687	6666
3	COL1A1	0.0389366239255044	0.108910891089109	6666
3	COL1A2	0.0316578866336841	0.0994599459945995	6666
3	COL3A1	0.031853313271338	0.104260426042604	6666
3	RGS5	0.0463764472750276	0.132163216321632	6666
3	PECAM1	0.23564149608204	0.296579657965797	6666
3	VWF	0.00804038457230715	0.0342034203420342	6666
3	PLVAP	0.0272843024397637	0.0879087908790879	6666
4	CD3D	0.0935002130585552	0.0624906113865105	6657
4	CD3E	0.0854978282271616	0.056932552200691	6657
4	TRAC	0.0988143469271998	0.0581342947273547	6657
4	CD4	0.0329678893930668	0.0252365930599369	6657
4	IL7R	0.0924475213200047	0.0805167492864654	6657
4	CCR7	0.0239119787745842	0.0166741775574583	6657
4	LTB	0.327484303044936	0.16809373591708	6657
4	MALAT1	4.44257026436332	0.983025386810876	6657
4	FOXP3	0.0121398314118968	0.010815682739973	6657
4	IL2RA	0.0350295091677392	0.0347003154574132	6657
4	CTLA4	0.0280590970424032	0.0225326723749437	6657
4	CD8A	0.0662577796257309	0.0348505332732462	6657
4	CD8B	0.0319719490808947	0.0207300585849482	6657
4	GZMK	0.0556458379906853	0.0274898602974313	6657
4	CCL5	0.635521412041105	0.467327625056332	6657
4	NKG7	0.109966070380863	0.0578338590956888	6657
4	GNLY	0.0497698122560289	0.0572329878323569	6657
4	GZMB	0.0420820324396597	0.0309448700615893	6657
4	PRF1	0.0287167850645322	0.0201291873216163	6657
4	KLRD1	0.207820467636631	0.216914526062791	6657
4	FCER1G	1.0674231113476	0.472134595162986	6657
4	TRDC	0.00389559286449942	0.00195283160582845	6657
4	MS4A1	0.0555605832823439	0.0270392068499324	6657
4	CD79A	0.045725780267583	0.0294426919032597	6657
4	CD74	0.991047121144698	0.490461168694607	6657
4	CD37	0.420857736006222	0.243803515096891	6657
4	CD27	0.0189626946895171	0.014420910319964	6657
4	MZB1	0.067548758271705	0.0668469280456662	6657
4	JCHAIN	0.304424317526669	0.205497972059486	6657
4	XBP1	0.281210654608674	0.156977617545441	6657
4	SDC1	0.008322234955151	0.00976415802914226	6657
4	LYZ	0.64574566933296	0.380802163136548	6657
4	LST1	0.864294898503462	0.40934354814481	6657
4	S100A8	2.17878417024926	0.739522307345651	6657
4	S100A9	3.27298429735975	0.862700916328677	6657
4	FCGR3A	0.655648651710436	0.39462220219318	6657
4	VCAN	0.0271635652780891	0.032146612588253	6657
4	C1QA	0.0344262458567549	0.0301937809824245	6657
4	C1QB	0.0471455464710787	0.0465675229082169	6657
4	C1QC	0.0355907361527982	0.0353011867207451	6657
4	APOE	0.0304098314044678	0.0351509689049121	6657
4	SPP1	0.141475583710581	0.114616193480547	6657
4	CD1C	0.0036849185101961	0.00240348505332732	6657
4	CLEC10A	0.00241057906779598	0.00330479194832507	6657
4	FCER1A	0.00107345529872936	0.00135196034249662	6657
4	CLEC9A	0.00574540700944608	0.00435631665915578	6657
4	XCR1	0.00171860469755595	0.00120174252666366	6657
4	IL3RA	0.101199794311605	0.0566321165690251	6657
4	LAMP3	0.0419093838719996	0.0342496620099144	6657
4	FSCN1	0.029317119084689	0.0286916028240949	6657
4	CCL19	0.00236817430047735	0.00195283160582845	6657
4	TPSAB1	0.0680386331393262	0.0754093435481448	6657
4	TPSB2	0.136400724238147	0.143608231936308	6657
4	CPA3	0.0391917596575042	0.0447649091182214	6657
4	KIT	0.00622292376385325	0.00841219768664564	6657
4	MKI67	0.0108705918337988	0.00976415802914226	6657
4	TOP2A	0.012263886342837	0.0109659005558059	6657
4	STMN1	0.0680967072751631	0.0621901757548445	6657
4	EPCAM	0.0430929845996829	0.0384557608532372	6657
4	KRT8	0.127192820393716	0.13053928195884	6657
4	KRT18	0.0791171488908394	0.0752591257323118	6657
4	KRT19	0.0721257892498356	0.0674477993089981	6657
4	COL1A1	0.042594433578745	0.0546792849631966	6657
4	COL1A2	0.0297467524167699	0.0342496620099144	6657
4	COL3A1	0.0248049488393589	0.0291422562715938	6657
4	RGS5	0.0304433407697109	0.0336487907465825	6657
4	PECAM1	0.27002662690929	0.174252666366231	6657
4	VWF	0.00617241853825851	0.00555805918581944	6657
4	PLVAP	0.00865992294915297	0.00931350458164338	6657
5	CD3D	0.178426807978306	0.128255602665051	6604
5	CD3E	0.171458480822706	0.143397940642035	6604
5	TRAC	0.179681097839112	0.126741368867353	6604
5	CD4	0.0547441161056383	0.0608721986674743	6604
5	IL7R	0.168403305586922	0.134918231374924	6604
5	CCR7	0.0329363405382638	0.0316474863718958	6604
5	LTB	0.151072536810333	0.108721986674743	6604
5	MALAT1	2.76692124600277	0.843125378558449	6604
5	FOXP3	0.0209060618711583	0.0207450030284676	6604
5	IL2RA	0.0450468320822356	0.0549666868564506	6604
5	CTLA4	0.0416191932656118	0.0395215021199273	6604
5	CD8A	0.085805609387585	0.0719261053906723	6604
5	CD8B	0.0402237388989486	0.0381586917019988	6604
5	GZMK	0.038703905028127	0.0345245305875227	6604
5	CCL5	0.550359515449065	0.448213204118716	6604
5	NKG7	0.131447180996758	0.11084191399152	6604
5	GNLY	0.0886610926004105	0.100545124167171	6604
5	GZMB	0.0626449778981788	0.0614778921865536	6604
5	PRF1	0.0381494144939644	0.038007268322229	6604
5	KLRD1	0.115113472575789	0.177165354330709	6604
5	FCER1G	0.169903765299526	0.180799515445185	6604
5	TRDC	0.0151799144860084	0.0118110236220472	6604
5	MS4A1	0.0500028817480535	0.0355844942459116	6604
5	CD79A	0.0839971834381753	0.097213809812235	6604
5	CD74	1.58013188863663	0.718806783767414	6604
5	CD37	0.155024083344503	0.150666262870987	6604
5	CD27	0.0286449626576737	0.0386129618413083	6604
5	MZB1	0.199403130160739	0.239248940036342	6604
5	JCHAIN	1.05156302896233	0.598122350090854	6604
5	XBP1	0.730617241240961	0.480466384009691	6604
5	SDC1	0.195681623679187	0.191247728649303	6604
5	LYZ	2.76131457923523	0.812689279224712	6604
5	LST1	0.149960357033014	0.133858267716535	6604
5	S100A8	0.329893731454626	0.196093276801938	6604
5	S100A9	0.600333722992212	0.318291944276196	6604
5	FCGR3A	0.0871450747749903	0.108873410054512	6604
5	VCAN	0.0264228605332447	0.0466384009691096	6604
5	C1QA	0.125599455216163	0.175348273773471	6604
5	C1QB	0.155069665744211	0.207904300423985	6604
5	C1QC	0.108120878706803	0.169139915202907	6604
5	APOE	0.149556597870202	0.199727437916414	6604
5	SPP1	0.0594119335365364	0.0745003028467595	6604
5	CD1C	0.00462457998326706	0.00545124167171411	6604
5	CLEC10A	0.0128094629922169	0.0211992731677771	6604
5	FCER1A	0.00467759918533209	0.00651120533010297	6604
5	CLEC9A	0.000981187020356899	0.00196850393700787	6604
5	XCR1	0.00226941357764466	0.00211992731677771	6604
5	IL3RA	0.0124111430945315	0.0174136886735312	6604
5	LAMP3	0.0177153729028803	0.0274076317383404	6604
5	FSCN1	0.0641789082185282	0.0732889158086009	6604
5	CCL19	0.00272975618817043	0.00408843125378558	6604
5	TPSAB1	0.129111149663094	0.19457904300424	6604
5	TPSB2	0.240820545112152	0.299364021804967	6604
5	CPA3	0.0694122285297757	0.118261659600242	6604
5	KIT	0.0350301055475971	0.0457298606904906	6604
5	MKI67	0.0734001343749267	0.0569351907934585	6604
5	TOP2A	0.0969390809720279	0.0652634766807995	6604
5	STMN1	0.282978750616229	0.244094488188976	6604
5	EPCAM	1.00073766817599	0.535887341005451	6604
5	KRT8	1.63947015953633	0.742580254391278	6604
5	KRT18	1.52935525312539	0.682616596002423	6604
5	KRT19	1.2307323443924	0.578285887341006	6604
5	COL1A1	0.0754337979758449	0.116898849182314	6604
5	COL1A2	0.0453881414568972	0.0910054512416717	6604
5	COL3A1	0.0592739819276306	0.109479103573592	6604
5	RGS5	0.135186552228977	0.158994548758328	6604
5	PECAM1	0.0877312204213508	0.12053301029679	6604
5	VWF	0.0262301835732658	0.0522410660205936	6604
5	PLVAP	0.0720882440450618	0.127498485766202	6604
6	CD3D	0.402485154643714	0.28288490284006	5352
6	CD3E	0.338435496776026	0.274289985052317	5352
6	TRAC	0.400519012882246	0.278026905829596	5352
6	CD4	0.751661823883215	0.494581464872945	5352
6	IL7R	0.465463311702437	0.293161434977578	5352
6	CCR7	0.124769874282639	0.103699551569507	5352
6	LTB	0.304367582053551	0.227204783258595	5352
6	MALAT1	2.72942755176953	0.859304932735426	5352
6	FOXP3	0.0599052837534017	0.0687593423019432	5352
6	IL2RA	0.323976401585919	0.25	5352
6	CTLA4	0.115992243273727	0.12219730941704	5352
6	CD8A	0.195949399014226	0.151718983557549	5352
6	CD8B	0.0668895307759013	0.0691330343796712	5352
6	GZMK	0.150758864991027	0.117339312406577	5352
6	CCL5	0.82800583930001	0.565582959641256	5352
6	NKG7	0.388723137115465	0.278961136023916	5352
6	GNLY	0.225708031441203	0.188527653213752	5352
6	GZMB	0.223346956263256	0.169282511210762	5352
6	PRF1	0.117932576204875	0.108931240657698	5352
6	KLRD1	0.126301787648148	0.238415545590434	5352
6	FCER1G	1.69256207871397	0.709828101644245	5352
6	TRDC	0.0335670580174765	0.0297085201793722	5352
6	MS4A1	0.19606174193672	0.106315396113602	5352
6	CD79A	0.167320270200553	0.145179372197309	5352
6	CD74	4.25144700359028	0.971412556053812	5352
6	CD37	0.491741255664165	0.406390134529148	5352
6	CD27	0.0789996839026925	0.0876307922272048	5352
6	MZB1	0.167932905664359	0.224402092675635	5352
6	JCHAIN	0.790435496536408	0.593609865470852	5352
6	XBP1	0.587277468154155	0.461322869955157	5352
6	SDC1	0.0300041002541391	0.0644618834080718	5352
6	LYZ	1.98921214226272	0.776532137518685	5352
6	LST1	0.707830320626738	0.494020926756353	5352
6	S100A8	0.621968622152122	0.363976083707025	5352
6	S100A9	1.16875820080117	0.559790732436472	5352
6	FCGR3A	1.5388771889101	0.649663677130045	5352
6	VCAN	0.0688260157569353	0.0844544095665172	5352
6	C1QA	2.4439843082228	0.815022421524664	5352
6	C1QB	2.6443122856876	0.836136023916293	5352
6	C1QC	2.33721088506628	0.808295964125561	5352
6	APOE	1.88936178453088	0.693011958146487	5352
6	SPP1	0.536862015289335	0.242339312406577	5352
6	CD1C	0.0386661830372928	0.0373692077727952	5352
6	CLEC10A	0.302473471978533	0.20067264573991	5352
6	FCER1A	0.0144164062451484	0.0136397608370703	5352
6	CLEC9A	0.00941358070655529	0.0127055306427504	5352
6	XCR1	0.00254894768626411	0.00205530642750374	5352
6	IL3RA	0.0928596304789073	0.0949177877428999	5352
6	LAMP3	0.0501891468306902	0.0655829596412556	5352
6	FSCN1	0.165457361131366	0.183856502242152	5352
6	CCL19	0.0087826656133157	0.015695067264574	5352
6	TPSAB1	0.124745542915324	0.223467862481315	5352
6	TPSB2	0.226820145495206	0.308669656203289	5352
6	CPA3	0.0611353071078374	0.142937219730942	5352
6	KIT	0.0178068373072889	0.0355007473841555	5352
6	MKI67	0.0521862831630441	0.0575485799701046	5352
6	TOP2A	0.0558500927015192	0.0577354260089686	5352
6	STMN1	0.445961678496605	0.373692077727952	5352
6	EPCAM	0.0351243250455633	0.0887518684603887	5352
6	KRT8	0.117217376377493	0.230007473841555	5352
6	KRT18	0.0860826806169377	0.171337817638266	5352
6	KRT19	0.0883507533394305	0.137892376681614	5352
6	COL1A1	0.0566981390160313	0.126681614349776	5352
6	COL1A2	0.0403892295779781	0.0971599402092676	5352
6	COL3A1	0.0448028702227919	0.10762331838565	5352
6	RGS5	0.0584614233822458	0.141629297458894	5352
6	PECAM1	0.361480845010481	0.349588938714499	5352
6	VWF	0.0151138564016964	0.0422272047832586	5352
6	PLVAP	0.050303481866463	0.0952914798206278	5352
7	CD3D	0.319098626122538	0.29747219413549	4945
7	CD3E	0.26698713532158	0.286147623862487	4945
7	TRAC	0.296261183770759	0.280080889787664	4945
7	CD4	0.448212716221624	0.407684529828109	4945
7	IL7R	0.496573442023237	0.366632962588473	4945
7	CCR7	0.119531456458127	0.112436804853387	4945
7	LTB	0.234442552860103	0.246107178968655	4945
7	MALAT1	3.15857103278981	0.966632962588473	4945
7	FOXP3	0.0469669634796169	0.0665318503538928	4945
7	IL2RA	0.155340131326836	0.170070778564206	4945
7	CTLA4	0.0921272739930517	0.129423660262892	4945
7	CD8A	0.135231109840018	0.131850353892821	4945
7	CD8B	0.0497566945329107	0.0586450960566229	4945
7	GZMK	0.102210794253193	0.103134479271992	4945
7	CCL5	0.725324756771541	0.640040444893832	4945
7	NKG7	0.301176049689679	0.274823053589484	4945
7	GNLY	0.233705355480534	0.270171890798787	4945
7	GZMB	0.190348211328256	0.194944388270981	4945
7	PRF1	0.0915174142005468	0.110212335692619	4945
7	KLRD1	0.134981312412187	0.293629929221436	4945
7	FCER1G	2.20637490990466	0.88938321536906	4945
7	TRDC	0.0266883298617757	0.0285136501516684	4945
7	MS4A1	0.0999036418318782	0.0869565217391304	4945
7	CD79A	0.10973345853246	0.156319514661274	4945
7	CD74	3.54472997693253	0.964408493427705	4945
7	CD37	0.637836530489277	0.541557128412538	4945
7	CD27	0.0593067189613998	0.0877654196157735	4945
7	MZB1	0.165609667040267	0.271183013144591	4945
7	JCHAIN	0.617141016330262	0.555106167846309	4945
7	XBP1	0.961255149560949	0.661476238624874	4945
7	SDC1	0.0225990722868561	0.0537917087967644	4945
7	LYZ	3.08990528393061	0.933265925176946	4945
7	LST1	1.00632709230091	0.678665318503539	4945
7	S100A8	1.84935457557424	0.803842264914055	4945
7	S100A9	2.98110165614085	0.904145601617796	4945
7	FCGR3A	0.736327469492536	0.50273003033367	4945
7	VCAN	1.23284828423688	0.626086956521739	4945
7	C1QA	0.295301071417037	0.291809908998989	4945
7	C1QB	0.330038082877976	0.330637007077856	4945
7	C1QC	0.275553980631396	0.305561172901921	4945
7	APOE	0.163053401016462	0.227502527805865	4945
7	SPP1	0.60797863061486	0.382204246713852	4945
7	CD1C	0.0849157570773877	0.0719919110212336	4945
7	CLEC10A	0.309389524444572	0.2	4945
7	FCER1A	0.0592929588281133	0.0426693629929221	4945
7	CLEC9A	0.00531642677102601	0.00869565217391304	4945
7	XCR1	0.00177681685122642	0.00303336703741153	4945
7	IL3RA	0.233431627081392	0.235187057633974	4945
7	LAMP3	0.0842750357725611	0.0948432760364004	4945
7	FSCN1	0.170433134740737	0.215975733063701	4945
7	CCL19	0.0166235350873453	0.0262891809908999	4945
7	TPSAB1	0.140052821518644	0.289787664307381	4945
7	TPSB2	0.269369395104189	0.376541961577351	4945
7	CPA3	0.0790361638772723	0.206471183013145	4945
7	KIT	0.0159233657371436	0.0481294236602629	4945
7	MKI67	0.0293033271799379	0.0420626895854398	4945
7	TOP2A	0.0346317191225821	0.0568250758341759	4945
7	STMN1	0.245799381206846	0.304954499494439	4945
7	EPCAM	0.0450113182030111	0.139332659251769	4945
7	KRT8	0.130312997696969	0.329828109201213	4945
7	KRT18	0.0846555257766631	0.238624873609707	4945
7	KRT19	0.0566024984731894	0.160161779575329	4945
7	COL1A1	0.0801277965195486	0.214762386248736	4945
7	COL1A2	0.0469653926649507	0.151466127401416	4945
7	COL3A1	0.0504841843361708	0.165015166835187	4945
7	RGS5	0.0469055345863373	0.152477249747219	4945
7	PECAM1	0.408408160286706	0.418200202224469	4945
7	VWF	0.0117247780773946	0.0386248736097068	4945
7	PLVAP	0.0208437526607057	0.0661274014155713	4945
8	CD3D	0.105502156485915	0.11572498298162	4407
8	CD3E	0.0796600285474047	0.114363512593601	4407
8	TRAC	0.104738834643199	0.123439981847062	4407
8	CD4	0.0339089558703082	0.0585432266848196	4407
8	IL7R	0.0870640846733442	0.11640571817563	4407
8	CCR7	0.0431505177370859	0.0567279328341275	4407
8	LTB	0.0765281003028791	0.0991604265940549	4407
8	MALAT1	2.69501303358606	0.901747220331291	4407
8	FOXP3	0.0129276241030388	0.0213297027456319	4407
8	IL2RA	0.0293234722699639	0.0537780803267529	4407
8	CTLA4	0.0302740428875364	0.0424324937599274	4407
8	CD8A	0.0534708188548089	0.0692080780576356	4407
8	CD8B	0.0169112798335063	0.021783526208305	4407
8	GZMK	0.0362860274335743	0.0501474926253687	4407
8	CCL5	0.320932541532347	0.42001361470388	4407
8	NKG7	0.0931851662107173	0.117086453369639	4407
8	GNLY	0.0702480928447372	0.0996142500567279	4407
8	GZMB	0.0780840670464324	0.0993873383253914	4407
8	PRF1	0.0269621961177223	0.0469707283866576	4407
8	KLRD1	0.0847557775074387	0.184706149307919	4407
8	FCER1G	0.106383576734062	0.179941002949853	4407
8	TRDC	0.00861060520982964	0.0124801452235081	4407
8	MS4A1	0.0944159527060274	0.103017926026776	4407
8	CD79A	0.974066619280578	0.601089176310415	4407
8	CD74	1.59040271066738	0.839800317676424	4407
8	CD37	0.201820207209106	0.253006580440209	4407
8	CD27	0.305719238475715	0.303380984796914	4407
8	MZB1	2.30413075962215	0.869071931018834	4407
8	JCHAIN	4.68588185863435	0.964828681642841	4407
8	XBP1	1.72495423239423	0.802132970274563	4407
8	SDC1	0.413524455936975	0.391649648286816	4407
8	LYZ	0.383213163721656	0.44928522804629	4407
8	LST1	0.0757134422464447	0.12026321760835	4407
8	S100A8	0.205254894610959	0.255729521216247	4407
8	S100A9	0.407560466592316	0.403449058316315	4407
8	FCGR3A	0.081997717262018	0.125255275697754	4407
8	VCAN	0.0174172820295782	0.0410710233719083	4407
8	C1QA	0.0747931853816807	0.140685273428636	4407
8	C1QB	0.0926304404912584	0.173360562741094	4407
8	C1QC	0.0737168286753309	0.152257771726798	4407
8	APOE	0.0724897389012486	0.139550714771954	4407
8	SPP1	0.0313341488130003	0.0614930791921942	4407
8	CD1C	0.00512900794052646	0.00975720444746993	4407
8	CLEC10A	0.0130642698966785	0.0281370546857273	4407
8	FCER1A	0.00347343123779149	0.00748808713410483	4407
8	CLEC9A	0.000414021409829326	0.00181529385069208	4407
8	XCR1	0.00363852037558915	0.00499205808940322	4407
8	IL3RA	0.00858656758349575	0.0188336737009303	4407
8	LAMP3	0.0206876937930924	0.0376673474018607	4407
8	FSCN1	0.0246127024813039	0.0492398457000227	4407
8	CCL19	0.000441000247061054	0.00340367597004765	4407
8	TPSAB1	0.0499096913638971	0.133651009757204	4407
8	TPSB2	0.089558522304881	0.181529385069208	4407
8	CPA3	0.0309755983778802	0.104379396414795	4407
8	KIT	0.00736716829869826	0.0195144088949399	4407
8	MKI67	0.0381810056539867	0.044928522804629	4407
8	TOP2A	0.0249421190546781	0.0369866122078511	4407
8	STMN1	0.164312211246655	0.196505559337418	4407
8	EPCAM	0.0244964724413304	0.0705695484456546	4407
8	KRT8	0.077271602281718	0.195371000680735	4407
8	KRT18	0.0593735995561924	0.132970274563195	4407
8	KRT19	0.0267833785549312	0.0776038121170865	4407
8	COL1A1	0.0354397911495226	0.108690719310188	4407
8	COL1A2	0.030870116376405	0.10074880871341	4407
8	COL3A1	0.0319866914783025	0.103698661220785	4407
8	RGS5	0.0486293118662359	0.133197186294531	4407
8	PECAM1	0.213110496462881	0.279782164737917	4407
8	VWF	0.0105440522687196	0.03380984796914	4407
8	PLVAP	0.0267928375095848	0.0918992511912866	4407
9	CD3D	0.0824921259384121	0.0859742704737998	3187
9	CD3E	0.0743536801543089	0.0862880451835582	3187
9	TRAC	0.0878053611943054	0.0887982428616254	3187
9	CD4	0.108685098320702	0.09570128647631	3187
9	IL7R	0.075471443737916	0.0935048635080013	3187
9	CCR7	0.0167799170077154	0.0219642296830875	3187
9	LTB	0.0592134912533572	0.0658926890492626	3187
9	MALAT1	3.24383927807744	0.97646689676812	3187
9	FOXP3	0.0129250471356449	0.0163162849074365	3187
9	IL2RA	0.0437215491775358	0.0498901788515846	3187
9	CTLA4	0.0191518923448341	0.0285534985880138	3187
9	CD8A	0.0463205718926344	0.0492626294320678	3187
9	CD8B	0.0200348287855974	0.0197678067147788	3187
9	GZMK	0.0340047714138624	0.0320050203953561	3187
9	CCL5	0.306803472978096	0.329149670536555	3187
9	NKG7	0.12661676761516	0.116096642610606	3187
9	GNLY	0.0686579066920725	0.0806401004079071	3187
9	GZMB	0.0518035167451164	0.0549105742077189	3187
9	PRF1	0.0308371009720479	0.0348289927831817	3187
9	KLRD1	0.0684172110425564	0.122058362096015	3187
9	FCER1G	1.20465755424913	0.602133668026357	3187
9	TRDC	0.011975151214855	0.0112958895513022	3187
9	MS4A1	0.0361700289875681	0.0301223721368058	3187
9	CD79A	0.0574807774425824	0.0643238155004707	3187
9	CD74	0.994200142102678	0.591465327894572	3187
9	CD37	0.833730553835027	0.502353310323188	3187
9	CD27	0.0235124942347774	0.0276121744587386	3187
9	MZB1	0.117263529879637	0.158456228427989	3187
9	JCHAIN	0.769758053198419	0.602133668026357	3187
9	XBP1	0.77956938635694	0.448070285534986	3187
9	SDC1	0.0252393835638727	0.0360840916222153	3187
9	LYZ	0.453412024375549	0.369312833385629	3187
9	LST1	0.124775222167423	0.130216504549733	3187
9	S100A8	0.292945416965408	0.189206149984311	3187
9	S100A9	0.422115312492089	0.272983997489802	3187
9	FCGR3A	0.0882002749993669	0.10354565422027	3187
9	VCAN	0.0269337376846919	0.0480075305930342	3187
9	C1QA	0.128738631503267	0.14653278945717	3187
9	C1QB	0.15292117309605	0.176341386884217	3187
9	C1QC	0.118063685572654	0.152180734232821	3187
9	APOE	0.345476575916342	0.279573266394729	3187
9	SPP1	0.034386088323054	0.0705993096956385	3187
9	CD1C	0.00507820698694385	0.00627549419516787	3187
9	CLEC10A	0.0115095424178615	0.0172576090367116	3187
9	FCER1A	0.462531649080106	0.24411672419203	3187
9	CLEC9A	0.00131564711976114	0.00188264825855036	3187
9	XCR1	6.58856332946683e-05	0.000313774709758393	3187
9	IL3RA	0.0748758390577898	0.0467524317540006	3187
9	LAMP3	0.009631715566157	0.0178851584562284	3187
9	FSCN1	0.170019141148996	0.143395042359586	3187
9	CCL19	0.00166572000079321	0.00407907122685911	3187
9	TPSAB1	4.67869636297871	0.968622529024161	3187
9	TPSB2	4.95772389380319	0.971132726702228	3187
9	CPA3	4.32681910472439	0.969877627863194	3187
9	KIT	2.02921339403112	0.779416379039849	3187
9	MKI67	0.0138100853420388	0.01757138374647	3187
9	TOP2A	0.0209597412603085	0.0219642296830875	3187
9	STMN1	0.645130914154179	0.393787260746784	3187
9	EPCAM	0.0255606156396579	0.057420771885786	3187
9	KRT8	0.0945286177824714	0.163790398493881	3187
9	KRT18	0.0627443868616827	0.106055851898337	3187
9	KRT19	0.227063811223658	0.19924694069658	3187
9	COL1A1	0.0423455092146212	0.0756197050517728	3187
9	COL1A2	0.0357067570292605	0.0756197050517728	3187
9	COL3A1	0.0444778438908287	0.0825227486664575	3187
9	RGS5	0.0686008147432324	0.122685911515532	3187
9	PECAM1	0.0553923408404597	0.0812676498274239	3187
9	VWF	0.0194019812586301	0.0316912456855977	3187
9	PLVAP	0.0350744176138803	0.0668340131785378	3187
