cluster	cell_count	dominant_tissue_by_count	top10_genes	mac_mono_marker_hits_top50	boundary_marker_hits_top50	review_label	initial_action	reason	nCount_RNA	nFeature_RNA	n_counts	n_genes	percent_mito	percent_mt_calculated	max_sample	max_sample_fraction	sample_entropy	norm_sample_entropy	sample_count	max_patient	max_patient_fraction	patient_entropy	norm_patient_entropy	patient_count	max_tissue	max_tissue_fraction	tissue_entropy	norm_tissue_entropy	tissue_count	max_celltype_sub	max_celltype_sub_fraction	celltype_sub_entropy	norm_celltype_sub_entropy	celltype_sub_count	max_celltype_major	max_celltype_major_fraction	celltype_major_entropy	norm_celltype_major_entropy	celltype_major_count	max_expression_group	max_expression_group_fraction	expression_group_entropy	norm_expression_group_entropy	expression_group_count	top_non_myeloid_fraction	top_non_myeloid_set_mode	median_myeloid_score_z	median_top_non_myeloid_score_z	scDblFinder_cells	scDblFinder_doublet_cells	scDblFinder_doublet_fraction	scDblFinder_median_score	scDblFinder_q90_score	knn_sample_norm_entropy	knn_patient_norm_entropy	knn_tissue_norm_entropy	knn_expression_group_norm_entropy	sample_dominated_70	patient_dominated_70	tissue_dominated_90	author_subtype_dominated_80	doublet_enriched_15	non_myeloid_score_enriched	lineage_boundary_flag	small_cluster_flag	doublet_enriched_for_status	audit_status
0	2162	metastasis tumor	CXCR6,ICOS,CCDC64,FBLN7,THEMIS,GPR171,PPP2R2B,CD28,CD40LG,TRAT1	none	T_NK:CXCR6,ICOS,THEMIS,CD28,CD40LG,TRAT1,CD96,GZMK,TIGIT,IFNG,TRAC,CD3D,CD3E,TRBC2	T_NK_boundary_signal	exclude_initial	T_NK:CXCR6,ICOS,THEMIS,CD28,CD40LG,TRAT1,CD96,GZMK,TIGIT,IFNG,TRAC,CD3D,CD3E,TRBC2	4221.84093254805	3196.5	3034.4365	3197	0.0359823445	0.723005136306773	metastasis tumor	0.470860314523589	1.44125922002817	0.625930926250417	10	patient16	0.268732654949121	2.11891706742444	0.920233989993056	10	metastasis tumor	0.479185938945421	1.27393682862066	0.710997681608186	6	hC56_Mph-CD3E	0.777983348751156	0.913533715757389	0.367633011821723	12	Macrophage	0.890379278445884	0.34572162845417	0.498770878898888	2	MT	0.479185938945421	1.27393682862066	0.710997681608186	6	0.962534690101758	T_NK	-0.149341825233872	2.01550097549226	2162	257	0.118871415356152	0.248971789377762	0.408173818395273	0.581671865717887	0.768509889759101	0.581612453754885	0.581612453754885	FALSE	FALSE	FALSE	FALSE	FALSE	TRUE	TRUE	FALSE	FALSE	lineage_boundary_and_module_score_review
1	1411	metastasis tumor	SDS,FPR3,TREM2,APOC1,LGMN,C1QC,SLCO2B1,APOE,ID3,SLAMF8	C1QC_APOE_macrophage:C1QC,APOE,C1QB,C1QA,MRC1;SPP1_TREM2_macrophage:TREM2,APOC1,GPNMB	none	mac_mono_supported	keep_initial	C1QC_APOE_macrophage:C1QC,APOE,C1QB,C1QA,MRC1;SPP1_TREM2_macrophage:TREM2,APOC1,GPNMB	4007.78695940971	2864	2833.4358	2864	0.035620652	0.77045661113232	metastasis tumor	0.691708008504607	1.0035762039142	0.482618137513729	8	patient11	0.217576187101347	1.95202090801963	0.847751908912698	10	metastasis tumor	0.700921332388377	0.915509018556612	0.568837736133607	5	hC50_Mph-IL1B	0.340184266477675	1.67269484251268	0.673141923723928	12	Macrophage	0.964564138908576	0.153157333227688	0.220959325123364	2	MT	0.700921332388377	0.915509018556612	0.568837736133607	5	0.627214741318214	DC	0.918014679025807	1.18317367952528	1411	135	0.0956768249468462	0.226747158980513	0.394086125420953	0.512218756188076	0.682198352252976	0.512218756188076	0.512218756188076	FALSE	FALSE	FALSE	FALSE	FALSE	TRUE	FALSE	FALSE	FALSE	retain_for_now
10	606	metastasis normal	PROK2,S100A12,SLC2A3,RNASE2,VCAN,S100A8,ADAMTS2,S100A9,AQP9,GCA	Classical_monocyte:S100A12,VCAN,S100A8,S100A9,FCN1,CSF3R	none	mac_mono_supported	keep_initial	Classical_monocyte:S100A12,VCAN,S100A8,S100A9,FCN1,CSF3R	3421.30527096987	1999.5	2536.3896	1999.5	0.036067003	0.932447010800571	metastasis normal	0.427392739273927	1.40592630629878	0.676107636650863	8	patient13	0.638613861386139	0.901645737239076	0.410356659277941	9	metastasis normal	0.731023102310231	0.829366757813448	0.515314540191936	5	hC48_Mph-FCN1	0.755775577557756	0.903735638936357	0.41130781453027	9	Macrophage	0.826732673267327	0.461029336877801	0.665124738017931	2	MN	0.731023102310231	0.829366757813448	0.515314540191936	5	0.867986798679868	DC	-0.166732162779018	0.377828430544938	606	58	0.0957095709570957	0.20901287524018	0.394924439289379	0.688392681007442	0.353359335021421	0.650022421648354	0.650022421648354	FALSE	FALSE	FALSE	FALSE	FALSE	TRUE	FALSE	FALSE	FALSE	retain_for_now
11	602	primary tumor	MAMDC2,MGP,LYVE1,IGF1,SEPP1,RNASE1,FOLR2,A2M,F13A1,MRC1	C1QC_APOE_macrophage:LYVE1,SEPP1,FOLR2,MRC1,C1QC,C1QB,C1QA;Nonclassical_monocyte:MS4A7	none	mac_mono_supported	keep_initial	C1QC_APOE_macrophage:LYVE1,SEPP1,FOLR2,MRC1,C1QC,C1QB,C1QA;Nonclassical_monocyte:MS4A7	3110.44808882475	1642	2417.3569	1642	0.04354823	1.07597899856917	primary tumor	0.43687707641196	1.18634444659106	0.737117249087815	5	patient16	0.747508305647841	0.984777629375727	0.427683490339644	10	primary tumor	0.43687707641196	1.18634444659106	0.737117249087815	5	hC51_Mph-PLTP	0.76578073089701	0.822638547349869	0.459123315086643	6	Macrophage	1	0	0	1	PT	0.43687707641196	1.18634444659106	0.737117249087815	5	0.652823920265781	Cycling	0.808345359987135	1.28465256723783	602	42	0.0697674418604651	0.118754918343852	0.359783627280583	0.794717819467524	0.425675637651034	0.797727401497528	0.797727401497528	FALSE	TRUE	FALSE	FALSE	FALSE	TRUE	FALSE	FALSE	FALSE	batch_or_sample_review
12	580	PBMC	CD36,MNDA,NFE2,RP11-160E2.6,S100A12,IER2,JUN,VCAN,AP1S2,AHNAK	Classical_monocyte:S100A12,VCAN,FCN1,S100A8,S100A9	none	mac_mono_supported	keep_initial	Classical_monocyte:S100A12,VCAN,FCN1,S100A8,S100A9	3412.94613283873	1919.5	2776.91845	1920	0.04058497	0.912277345621517	PBMC	0.98448275862069	0.0988897362575931	0.0614436478062289	5	patient08	0.93448275862069	0.315503170690022	0.151724953246413	8	PBMC	0.98448275862069	0.0945759222615742	0.0682221070171366	4	hC44_Mono-CD14	0.925862068965517	0.373957141817898	0.192175955297548	7	Monocyte	0.968965517241379	0.138319946157042	0.199553500376793	2	PBMC	0.98448275862069	0.0945759222615742	0.0682221070171366	4	0.910344827586207	Endothelial	-0.252234547986918	0.359800596090181	580	0	0	0.0303507261079859	0.0964284406126355	0	0	0	0	TRUE	TRUE	TRUE	TRUE	FALSE	TRUE	FALSE	FALSE	FALSE	batch_or_sample_review
13	413	metastasis normal	PPP1R14A,SPIB,IDO1,DNASE1L3,HLA-DOB,CD207,GPR157,AFF3,FCER1A,PLD4	none	DC:SPIB,IDO1,HLA-DOB,CD207,FCER1A,PLD4,CCR7	DC_boundary_signal	exclude_initial	DC:SPIB,IDO1,HLA-DOB,CD207,FCER1A,PLD4,CCR7	3606.05145549774	2239	2508.6765	2239	0.036694214	0.877757696093018	lymph node	0.346246973365617	1.49099906703432	0.717018986660164	8	patient17	0.302663438256659	1.92402528088563	0.835593562530983	10	metastasis normal	0.355932203389831	1.34197643101081	0.748971306728452	6	hC43_MonoDC-CLEC10A	0.849878934624697	0.653926061057578	0.297614576044092	9	Monocyte	0.861985472154964	0.401342841266379	0.579015326791291	2	MN	0.355932203389831	1.34197643101081	0.748971306728452	6	1	DC	-2.31102574211928	2.09512673105809	413	8	0.0193704600484262	0.113964826340958	0.240964642105209	0.758775544780494	0.762437729836463	0.778338325972432	0.778338325972432	FALSE	FALSE	FALSE	TRUE	FALSE	TRUE	TRUE	FALSE	FALSE	lineage_boundary_and_module_score_review
14	387	PBMC	ADAMTS2,MARC1,CASC8,NFE2,RNASE2,RBP7,CDA,CYP1B1,VNN2,LTB4R	Classical_monocyte:S100A12,S100A8,CSF3R,S100A9	none	mac_mono_supported	keep_initial	Classical_monocyte:S100A12,S100A8,CSF3R,S100A9	3690.69725370407	2308	2762.2554	2308	0.03540879	0.830312389385356	PBMC	0.904392764857881	0.446218187813504	0.229310787052594	7	patient13	0.948320413436693	0.290234806642257	0.149151186031461	7	PBMC	0.904392764857881	0.436238692223904	0.24346944984298	6	hC44_Mono-CD14	0.979328165374677	0.120783256242383	0.0871267024016532	4	Monocyte	0.987080103359173	0.0690245326941688	0.0995813510175554	2	PBMC	0.904392764857881	0.436238692223904	0.24346944984298	6	0.832041343669251	Endothelial	-0.171571386839293	0.24396171055258	387	0	0	0.0453301481684924	0.124769329819495	0	0	0	0	TRUE	TRUE	TRUE	TRUE	FALSE	TRUE	FALSE	FALSE	FALSE	batch_or_sample_review
15	377	PBMC	FGFBP2,LINC00861,PTPRCAP,CD3E,GNLY,LEF1,LCK,TCF7,IL32,PRSS23	none	T_NK:PTPRCAP,CD3E,GNLY,LEF1,LCK,TCF7,IL32,CD3D,TRBC1,TRBC2	T_NK_boundary_signal	exclude_initial	T_NK:PTPRCAP,CD3E,GNLY,LEF1,LCK,TCF7,IL32,CD3D,TRBC1,TRBC2	3982.95334756374	2677	2993.4023	2677	0.040834166	0.770951862448166	PBMC	0.909814323607427	0.43828621998908	0.225234561935892	7	patient08	0.342175066312997	1.90658059364429	0.82801743112354	10	PBMC	0.909814323607427	0.406382371921109	0.252499564463782	5	hC56_Mph-CD3E	0.586206896551724	0.806251503203857	0.581587522690738	4	Macrophage	0.586206896551724	0.678209393903313	0.978449329268619	2	PBMC	0.909814323607427	0.406382371921109	0.252499564463782	5	1	T_NK	-0.605151819374486	1.85777172592972	377	11	0.0291777188328912	0.147231116191881	0.315101574558279	0.210842300318532	0.744007477192058	0.210842300318532	0.210842300318532	TRUE	FALSE	TRUE	FALSE	FALSE	TRUE	TRUE	FALSE	FALSE	lineage_boundary_and_module_score_review
16	346	metastasis normal	LYPD2,SH2D1B,FCGR3A,MTSS1,CEACAM3,CX3CR1,TCF7L2,CDKN1C,RHOC,ABI3	Classical_monocyte:LILRB2;Nonclassical_monocyte:FCGR3A,CX3CR1,MS4A7,LYN,LST1	B_plasma:CD79B;Endothelial_epithelial:PECAM1	mixed_boundary_signal	review_before_keep	B_plasma:CD79B;Endothelial_epithelial:PECAM1; mac_mono=Classical_monocyte:LILRB2;Nonclassical_monocyte:FCGR3A,CX3CR1,MS4A7,LYN,LST1	3525.6178855896	2099	2726.0469	2099	0.038974813	0.87800951264974	metastasis normal	0.965317919075144	0.200050299787456	0.111650198156142	6	patient11	0.907514450867052	0.465882207577231	0.224041983503358	8	metastasis normal	0.985549132947977	0.0893065160412978	0.0644210339059255	4	hC45_Mono-FCGR3A	0.997109826589595	0.019783214722987	0.0285411457736948	2	Monocyte	1	0	0	1	MN	0.985549132947977	0.0893065160412978	0.0644210339059255	4	0.760115606936416	Endothelial	0.240863736024369	0.687526858358928	346	9	0.0260115606936416	0.0980809384194982	0.252699487197808	0	0	0	0	TRUE	TRUE	TRUE	TRUE	FALSE	TRUE	TRUE	FALSE	FALSE	lineage_boundary_and_module_score_review
17	341	metastasis normal	CLEC10A,C1QC,C1QB,C1QA,HLA-DQA1,HLA-DQB1,HLA-DPB1,HLA-DMA,ZNF812P,HLA-DPA1	C1QC_APOE_macrophage:C1QC,C1QB,C1QA	DC:CLEC10A,PLD4,FCER1A	DC_boundary_signal	exclude_initial	DC:CLEC10A,PLD4,FCER1A	3332.75920772553	1867	2508.1328	1867	0.038398426	0.978024367073622	metastasis normal	0.750733137829912	0.869959467094929	0.418362069650753	8	patient11	0.457478005865103	1.66147354116595	0.721568790756628	10	metastasis normal	0.75366568914956	0.836696721703244	0.466969331583172	6	hC50_Mph-IL1B	0.791788856304985	0.977619389856154	0.381145688905015	13	Macrophage	0.912023460410557	0.297831107378513	0.429679461637448	2	MN	0.75366568914956	0.836696721703244	0.466969331583172	6	0.724340175953079	DC	0.376269955371084	1.12085411912139	341	15	0.0439882697947214	0.155011501701788	0.327975763331621	0.506878839146406	0.723219672335508	0.486032805473784	0.486032805473784	TRUE	FALSE	FALSE	FALSE	FALSE	TRUE	TRUE	FALSE	FALSE	lineage_boundary_and_module_score_review
18	300	metastasis normal	CMTM2,MALAT1,PTPRCAP,H3F3B,B2M,IL32,IFITM1,CXCR2,HLA-B,PTMA	none	T_NK:PTPRCAP,IL32,CD3E	T_NK_boundary_signal	exclude_initial	T_NK:PTPRCAP,IL32,CD3E	2351.20656406879	999.5	2033.7595	999.5	0.0419826785	1.30406382467043	metastasis normal	0.323333333333333	1.58906795084303	0.723215991316426	9	patient16	0.366666666666667	1.74105592889709	0.79238870111668	9	metastasis normal	0.333333333333333	1.50597049364962	0.840498135778482	6	hC56_Mph-CD3E	0.69	1.19982220688729	0.500364724222122	11	Macrophage	0.833333333333333	0.450561208866305	0.650022421648354	2	MN	0.333333333333333	1.50597049364962	0.840498135778482	6	0.993333333333333	T_NK	-2.27181298866522	2.21638460995652	300	2	0.00666666666666667	0.0584623909799606	0.153954418978729	0.731827289107278	0.764276959086953	0.743622462137679	0.743622462137679	FALSE	FALSE	FALSE	FALSE	FALSE	TRUE	TRUE	FALSE	FALSE	lineage_boundary_and_module_score_review
19	202	metastasis normal	LINC00704,NDST3,SLC16A9,CDH5,KIAA1217,CD5L,TMEM26,BCAM,TSPAN6,TIMD4	C1QC_APOE_macrophage:CD5L,TIMD4,SEPP1	Endothelial_epithelial:CDH5	mixed_boundary_signal	review_before_keep	Endothelial_epithelial:CDH5; mac_mono=C1QC_APOE_macrophage:CD5L,TIMD4,SEPP1	4066.43923819065	2989.5	2752.7965	2989.5	0.0315700395	0.761861424670375	metastasis normal	0.945544554455445	0.25279219516623	0.182351023170878	4	patient17	0.851485148514852	0.672190032526949	0.305926867676799	9	metastasis normal	0.95049504950495	0.221827409659162	0.20191600981279	3	hC52_Mph-CXCL12	0.965346534653465	0.194816978851428	0.121046594805754	5	Macrophage	1	0	0	1	MN	0.95049504950495	0.221827409659162	0.20191600981279	3	0.816831683168317	Endothelial	0.807682382375701	1.66994440654455	202	8	0.0396039603960396	0.143991943101175	0.29768221422337	0	0.210842300318532	0	0	TRUE	TRUE	TRUE	TRUE	FALSE	TRUE	TRUE	FALSE	FALSE	lineage_boundary_and_module_score_review
2	1220	metastasis normal	APOBEC3A,PHLDA1,PPIF,THBS1,SEMA6B,PNP,LAMB3,CREM,ATP2B1,TIMP1	Classical_monocyte:VCAN,FCN1,S100A8,S100A9;Inflammatory:EREG,CXCL2,CXCL8	none	mac_mono_supported	keep_initial	Classical_monocyte:VCAN,FCN1,S100A8,S100A9;Inflammatory:EREG,CXCL2,CXCL8	3423.59073126316	2008	2572.48355	2008	0.0326023975	0.915660100986948	metastasis normal	0.65655737704918	0.869551276903545	0.395749840900531	9	patient17	0.785245901639344	0.766438127782089	0.348821024344845	9	metastasis normal	0.659836065573771	0.841432047128323	0.469612167023087	6	hC48_Mph-FCN1	0.736885245901639	0.954094244438638	0.397888204402355	11	Macrophage	0.922950819672131	0.27150261630995	0.391695478138743	2	MN	0.659836065573771	0.841432047128323	0.469612167023087	6	0.89672131147541	DC	-0.0731179801378739	0.672437296586441	1220	107	0.0877049180327869	0.163884820493847	0.378887081498728	0.468995593589281	0.210842300318532	0.468995593589281	0.468995593589281	FALSE	TRUE	FALSE	FALSE	FALSE	TRUE	FALSE	FALSE	FALSE	batch_or_sample_review
20	177	primary tumor	IGHJ4,DPEP1,ITGA8,AC104699.1,SDC1,TNFRSF17,FAM92B,IGKV3OR2-268,SCNN1B,TRPV3	none	B_plasma:IGHJ4,SDC1,TNFRSF17,MZB1,CD79A,IGKC,JCHAIN	B_plasma_boundary_signal	exclude_initial	B_plasma:IGHJ4,SDC1,TNFRSF17,MZB1,CD79A,IGKC,JCHAIN	4008.37293577194	3117	2047.4475	3117	0.022695886	0.833063534425116	primary tumor	0.451977401129944	1.55347782097083	0.747064916148536	8	patient11	0.23728813559322	1.95939278090211	0.850953472626854	10	primary tumor	0.451977401129944	1.45824571216978	0.813862428084747	6	hC56_Mph-CD3E	0.977401129943503	0.131484533651594	0.0948460423263762	4	Macrophage	0.994350282485876	0.0348775115189437	0.0503176129069278	2	PT	0.451977401129944	1.45824571216978	0.813862428084747	6	1	B_Plasma	-0.823127235822747	5.96466294252758	177	44	0.248587570621469	0.314388698542551	0.444181391081198	0.781992311477	0.810895075983211	0.796026905399756	0.796026905399756	FALSE	FALSE	FALSE	TRUE	TRUE	TRUE	TRUE	FALSE	TRUE	lineage_boundary_and_doublet_enriched_review
21	58	primary tumor	AC004791.2,XXbac-BPG13B8.10,HDC,ADCYAP1,MS4A2,TMEM233,RP11-354E11.2,CPA3,ADAMTS7,CMA1	none	B_plasma:TNFRSF17,MZB1,JCHAIN,CD79A;Mast:HDC,MS4A2,CPA3,CMA1,TPSB2,TPSAB1	mast_boundary_signal	exclude_initial	B_plasma:TNFRSF17,MZB1,JCHAIN,CD79A;Mast:HDC,MS4A2,CPA3,CMA1,TPSB2,TPSAB1	2860.92625284195	1462	1936.22795	1462.5	0.0377718115	1.24775478773608	primary tumor	0.862068965517241	0.453158160291342	0.412482333363231	3	patient14	0.344827586206897	1.50845529159738	0.775192673890774	7	primary tumor	0.862068965517241	0.453158160291342	0.412482333363231	3	hC56_Mph-CD3E	0.982758620689655	0.0870995231917753	0.125658050172567	2	Macrophage	1	0	0	1	PT	0.862068965517241	0.453158160291342	0.412482333363231	3	1	Mast	-3.67301049924794	16.1884725352687	58	0	0	0.153327619447909	0.278708193673469	0.638501929598189	0.778931355860385	0.638501929598189	0.638501929598189	TRUE	FALSE	FALSE	TRUE	FALSE	TRUE	TRUE	TRUE	FALSE	lineage_boundary_and_module_score_review
22	48	metastasis normal	CD5L,CETP,TIMD4,SELENBP1,VCAM1,ITLN1,CXCL12,IFI27,SEPP1,NDST3	C1QC_APOE_macrophage:CD5L,TIMD4,SEPP1,C1QB,C1QC,C1QA,APOE,FOLR2;SPP1_TREM2_macrophage:APOC1;Nonclassical_monocyte:MS4A7	none	mac_mono_supported	keep_initial	C1QC_APOE_macrophage:CD5L,TIMD4,SEPP1,C1QB,C1QC,C1QA,APOE,FOLR2;SPP1_TREM2_macrophage:APOC1;Nonclassical_monocyte:MS4A7	2413.95698750019	1041	1958.34905	1041	0.005854133	0.842700757153354	metastasis normal	0.854166666666667	0.612548139694635	0.380597558291778	5	patient17	0.25	1.77076522206009	0.909993312342685	7	metastasis normal	0.916666666666667	0.344598248102823	0.313666842850076	3	hC52_Mph-CXCL12	0.958333333333333	0.173205206749177	0.249882292833185	2	Macrophage	1	0	0	1	MN	0.916666666666667	0.344598248102823	0.313666842850076	3	0.625	Cycling	1.23622279411251	1.40504274554331	48	0	0	0.145259540107562	0.272828030311811	0.383254753276453	0.872169223435182	0.210842300318532	0.210842300318532	TRUE	FALSE	TRUE	TRUE	FALSE	TRUE	FALSE	TRUE	FALSE	batch_or_sample_review
3	1189	metastasis normal	CLEC4E,DDIT4,CXCR4,FCN1,TSC22D3,DUSP1,ZFP36,PLIN2,LYZ,LSP1	Classical_monocyte:FCN1	none	mac_mono_supported	keep_initial	Classical_monocyte:FCN1	3102.41236460209	1627	2470.4072	1627	0.040632054	1.03732284918699	metastasis normal	0.933557611438183	0.331365159170366	0.184938416601827	6	patient11	0.946173254835997	0.309933446587955	0.134602385610405	10	metastasis normal	0.935239697224558	0.319052512452027	0.19823847194546	5	hC46_Mono-CD14|FCGR3A	0.413793103448276	1.3577197084856	0.589650177366587	10	Monocyte	0.539949537426409	0.689951844635459	0.995390104707769	2	MN	0.935239697224558	0.319052512452027	0.19823847194546	5	0.795626576955425	DC	0.0259521073738435	0.610736709842089	1189	26	0.0218671152228764	0.107334895508018	0.290539639048794	0	0	0	0	TRUE	TRUE	TRUE	FALSE	FALSE	TRUE	FALSE	FALSE	FALSE	batch_or_sample_review
4	1086	PBMC	S100A8,S100A12,S100A9,NCF1,FCN1,VCAN,CSF3R,LYZ,MNDA,LINC00937	Classical_monocyte:S100A8,S100A12,S100A9,FCN1,VCAN,CSF3R;Nonclassical_monocyte:LST1	none	mac_mono_supported	keep_initial	Classical_monocyte:S100A8,S100A12,S100A9,FCN1,VCAN,CSF3R;Nonclassical_monocyte:LST1	3272.38650012016	1794	2609.2997	1794	0.0442676695	0.955502671106398	PBMC	0.737569060773481	0.922400166849902	0.41980240725696	9	patient11	0.24585635359116	1.97944036641837	0.859660028392049	10	PBMC	0.737569060773481	0.898845342282885	0.501655137154171	6	hC44_Mono-CD14	0.784530386740332	0.773445431604578	0.352010185750906	9	Monocyte	0.934622467771639	0.24151449209797	0.348431760052558	2	PBMC	0.737569060773481	0.898845342282885	0.501655137154171	6	0.857274401473297	Endothelial	-0.177459356466894	0.388395188274913	1086	25	0.0230202578268877	0.0834731881608998	0.26105665340423	0.210842300318532	0.684318932327552	0.210842300318532	0.210842300318532	TRUE	FALSE	FALSE	FALSE	FALSE	TRUE	FALSE	FALSE	FALSE	batch_or_sample_review
5	1071	primary tumor	PTGS2,CCL20,CCL3L3,EREG,CXCL2,CXCL8,IL1B,BCL2A1,IER3,CCL4L2	Inflammatory:PTGS2,EREG,CXCL2,CXCL8,IL1B,CCL3,NFKBIA,CCL4	none	mac_mono_supported	keep_initial	Inflammatory:PTGS2,EREG,CXCL2,CXCL8,IL1B,CCL3,NFKBIA,CCL4	3125.30871415138	1690	2321.1238	1690	0.035526756	1.03570567139811	primary tumor	0.42483660130719	1.45103706431786	0.697801325612486	8	patient12	0.338001867413632	1.88787743280153	0.819894751575382	10	primary tumor	0.42483660130719	1.43921910015999	0.803243473734817	6	hC49_Mph-NLRP3	0.764705882352941	1.00228264011061	0.403348206338504	12	Macrophage	0.967320261437908	0.143937228063942	0.207657525127153	2	PT	0.42483660130719	1.43921910015999	0.803243473734817	6	0.870214752567694	DC	0.00267166513800635	1.02127705424018	1071	108	0.100840336134454	0.215050567616802	0.397014150470956	0.779414980518326	0.752992458890601	0.792155476756316	0.792155476756316	FALSE	FALSE	FALSE	FALSE	FALSE	TRUE	FALSE	FALSE	FALSE	retain_for_now
6	1029	metastasis tumor	AGRP,SPOCD1,ANGPTL4,DEFB1,NT5E,SPP1,SERPINE1,CST6,ENO2,TNS1	SPP1_TREM2_macrophage:SPP1,GPNMB,APOC1	none	mac_mono_supported	keep_initial	SPP1_TREM2_macrophage:SPP1,GPNMB,APOC1	3913.441229105	2660	2839.7488	2660	0.02532928	0.732627655401176	metastasis tumor	0.921282798833819	0.358900801759712	0.200306351339858	6	patient16	0.587949465500486	1.29297272775645	0.588457247881313	9	metastasis tumor	0.929057337220603	0.30959891102804	0.223328406802388	4	hC54_Mph-SPP1	0.904761904761905	0.410881916462044	0.211151535779551	7	Macrophage	0.990281827016521	0.0547024561606803	0.0789189622274594	2	MT	0.929057337220603	0.30959891102804	0.223328406802388	4	0.694849368318756	Endothelial	0.60171497038774	1.0027008485422	1029	24	0.0233236151603499	0.123504655379728	0.290675506770792	0.210842300318532	0.505033668999299	0	0	TRUE	FALSE	TRUE	TRUE	FALSE	TRUE	FALSE	FALSE	FALSE	batch_or_sample_review
7	869	PBMC	PTGDR2,CYP4F22,CKB,LYPD2,CDKN1C,PPM1N,NEURL1,CD79B,RP11-362F19.1,CDH23	Nonclassical_monocyte:CX3CR1,FCGR3A	B_plasma:CD79B	mixed_boundary_signal	review_before_keep	B_plasma:CD79B; mac_mono=Nonclassical_monocyte:CX3CR1,FCGR3A	3913.134360075	2599	2998.667	2599	0.045479808	0.802427726467618	PBMC	0.926352128883775	0.317267345949183	0.163043163171335	7	patient17	0.353279631760644	1.95273857001089	0.848063585555377	10	PBMC	0.926352128883775	0.311558717580911	0.173884231076585	6	hC45_Mono-FCGR3A	0.985040276179517	0.087992622079671	0.063473259754579	4	Monocyte	0.998849252013809	0.0089375920948696	0.0128942197927568	2	PBMC	0.926352128883775	0.311558717580911	0.173884231076585	6	0.93210586881473	Endothelial	-0.237189750556304	0.670798429715465	869	6	0.00690448791714614	0.0217701524855113	0.116631466437145	0	0.678014589048823	0	0	TRUE	FALSE	TRUE	TRUE	FALSE	TRUE	TRUE	FALSE	FALSE	lineage_boundary_and_module_score_review
8	719	primary tumor	BIRC5,MMP12,MKI67,UBE2C,GTSE1,ADAMDEC1,TROAP,KIAA0101,C1QC,RRM2	C1QC_APOE_macrophage:C1QC,C1QB,C1QA,APOE;SPP1_TREM2_macrophage:MMP12;Cycling:BIRC5,MKI67,UBE2C,TOP2A,STMN1	none	mac_mono_supported	keep_initial	C1QC_APOE_macrophage:C1QC,C1QB,C1QA,APOE;SPP1_TREM2_macrophage:MMP12;Cycling:BIRC5,MKI67,UBE2C,TOP2A,STMN1	3867.53913092613	2580	2851.5796	2580	0.037467018	0.773324193741289	primary tumor	0.585535465924896	1.13501386722421	0.516567072356451	9	patient17	0.229485396383866	2.03655773429285	0.884465786080774	10	primary tumor	0.585535465924896	1.08252970384023	0.672613522694408	5	hC53_Mph-C1QC	0.445062586926287	1.77170263629275	0.690735913026431	13	Macrophage	0.934631432545202	0.241490645465234	0.348397356633768	2	PT	0.585535465924896	1.08252970384023	0.672613522694408	5	0.752433936022253	Cycling	0.554571152603953	1.64440859185805	719	28	0.0389429763560501	0.164945665787387	0.3323166553348	0.626185667640569	0.800662096880087	0.650022421648354	0.650022421648354	FALSE	FALSE	FALSE	FALSE	FALSE	TRUE	FALSE	FALSE	FALSE	retain_for_now
9	660	metastasis normal	FCGR3A,PTGES,LINC01272,MTSS1,PAG1,LILRB2,HES4,PAPSS2,SIDT2,CDC42EP2	Classical_monocyte:LILRB2;Nonclassical_monocyte:FCGR3A,LST1,MS4A7	none	mac_mono_supported	keep_initial	Classical_monocyte:LILRB2;Nonclassical_monocyte:FCGR3A,LST1,MS4A7	3555.72064268589	2163	2670.49965	2164	0.039864437	0.88825941863739	metastasis normal	0.671212121212121	0.93669274820294	0.450453994223012	8	patient14	0.328787878787879	1.90248258489233	0.826237688535773	10	metastasis normal	0.681818181818182	0.875667717611002	0.488719458526577	6	hC45_Mono-FCGR3A	0.686363636363636	1.12418097892569	0.468819882035029	11	Monocyte	0.81969696969697	0.47185267511711	0.680739514421646	2	MN	0.681818181818182	0.875667717611002	0.488719458526577	6	0.815151515151515	Endothelial	-0.00188915985805561	0.76064698997411	660	116	0.175757575757576	0.238136932644403	0.442258468338276	0.623882038398248	0.670002769561165	0.639197763837784	0.639197763837784	FALSE	FALSE	FALSE	FALSE	TRUE	TRUE	FALSE	FALSE	TRUE	retain_for_now
