dataset_id	object_label	sample_label	tissue_site	review_class	cell_count	total_cells	fraction
GSE178318	gse178318_working_qc_sparse_matrix	COL07_CRC		caf_ecm_review	628	14108	0.0445137510632265
GSE178318	gse178318_working_qc_sparse_matrix	COL07_CRC		endothelial_review	59	14108	0.00418202438332861
GSE178318	gse178318_working_qc_sparse_matrix	COL07_CRC		epithelial_review	6708	14108	0.4754749078537
GSE178318	gse178318_working_qc_sparse_matrix	COL07_CRC		immune_review	6691	14108	0.474269917777148
GSE178318	gse178318_working_qc_sparse_matrix	COL07_CRC		pericyte_review	22	14108	0.00155939892259711
GSE178318	gse178318_working_qc_sparse_matrix	COL07_LM		caf_ecm_review	374	13106	0.0285365481458874
GSE178318	gse178318_working_qc_sparse_matrix	COL07_LM		endothelial_review	111	13106	0.00846940332672059
GSE178318	gse178318_working_qc_sparse_matrix	COL07_LM		epithelial_review	1678	13106	0.128032962002136
GSE178318	gse178318_working_qc_sparse_matrix	COL07_LM		immune_review	10926	13106	0.833663970700443
GSE178318	gse178318_working_qc_sparse_matrix	COL07_LM		pericyte_review	17	13106	0.00129711582481306
GSE178318	gse178318_working_qc_sparse_matrix	COL12_CRC		caf_ecm_review	1501	9719	0.154439757176664
GSE178318	gse178318_working_qc_sparse_matrix	COL12_CRC		endothelial_review	121	9719	0.0124498405185719
GSE178318	gse178318_working_qc_sparse_matrix	COL12_CRC		epithelial_review	409	9719	0.042082518777652
GSE178318	gse178318_working_qc_sparse_matrix	COL12_CRC		immune_review	7632	9719	0.785265973865624
GSE178318	gse178318_working_qc_sparse_matrix	COL12_CRC		pericyte_review	56	9719	0.00576190966148781
GSE178318	gse178318_working_qc_sparse_matrix	COL12_LM		caf_ecm_review	108	2561	0.0421710269426005
GSE178318	gse178318_working_qc_sparse_matrix	COL12_LM		endothelial_review	13	2561	0.0050761421319797
GSE178318	gse178318_working_qc_sparse_matrix	COL12_LM		epithelial_review	232	2561	0.090589613432253
GSE178318	gse178318_working_qc_sparse_matrix	COL12_LM		immune_review	2166	2561	0.845763373682155
GSE178318	gse178318_working_qc_sparse_matrix	COL12_LM		pericyte_review	42	2561	0.0163998438110113
GSE178318	gse178318_working_qc_sparse_matrix	COL12_PBMC		caf_ecm_review	1329	12382	0.107333225650137
GSE178318	gse178318_working_qc_sparse_matrix	COL12_PBMC		endothelial_review	89	12382	0.007187853335487
GSE178318	gse178318_working_qc_sparse_matrix	COL12_PBMC		epithelial_review	18	12382	0.00145372314650299
GSE178318	gse178318_working_qc_sparse_matrix	COL12_PBMC		immune_review	10886	12382	0.879179454046196
GSE178318	gse178318_working_qc_sparse_matrix	COL12_PBMC		pericyte_review	60	12382	0.00484574382167663
GSE178318	gse178318_working_qc_sparse_matrix	COL15_CRC		caf_ecm_review	368	3159	0.116492560937005
GSE178318	gse178318_working_qc_sparse_matrix	COL15_CRC		endothelial_review	65	3159	0.0205761316872428
GSE178318	gse178318_working_qc_sparse_matrix	COL15_CRC		epithelial_review	488	3159	0.154479265590377
GSE178318	gse178318_working_qc_sparse_matrix	COL15_CRC		immune_review	2200	3159	0.696422918645141
GSE178318	gse178318_working_qc_sparse_matrix	COL15_CRC		pericyte_review	38	3159	0.0120291231402343
GSE178318	gse178318_working_qc_sparse_matrix	COL15_LM		caf_ecm_review	517	7930	0.0651954602774275
GSE178318	gse178318_working_qc_sparse_matrix	COL15_LM		endothelial_review	66	7930	0.00832282471626734
GSE178318	gse178318_working_qc_sparse_matrix	COL15_LM		epithelial_review	1143	7930	0.144136191677175
GSE178318	gse178318_working_qc_sparse_matrix	COL15_LM		immune_review	6058	7930	0.763934426229508
GSE178318	gse178318_working_qc_sparse_matrix	COL15_LM		pericyte_review	146	7930	0.0184110970996217
GSE178318	gse178318_working_qc_sparse_matrix	COL16_CRC		caf_ecm_review	201	4865	0.0413155190133607
GSE178318	gse178318_working_qc_sparse_matrix	COL16_CRC		endothelial_review	34	4865	0.00698869475847893
GSE178318	gse178318_working_qc_sparse_matrix	COL16_CRC		epithelial_review	1885	4865	0.387461459403905
GSE178318	gse178318_working_qc_sparse_matrix	COL16_CRC		immune_review	2738	4865	0.562795477903392
GSE178318	gse178318_working_qc_sparse_matrix	COL16_CRC		pericyte_review	7	4865	0.00143884892086331
GSE178318	gse178318_working_qc_sparse_matrix	COL16_LM		caf_ecm_review	262	7946	0.0329725648124843
GSE178318	gse178318_working_qc_sparse_matrix	COL16_LM		endothelial_review	30	7946	0.00377548452051347
GSE178318	gse178318_working_qc_sparse_matrix	COL16_LM		epithelial_review	291	7946	0.0366221998489806
GSE178318	gse178318_working_qc_sparse_matrix	COL16_LM		immune_review	7336	7946	0.92323181474956
GSE178318	gse178318_working_qc_sparse_matrix	COL16_LM		pericyte_review	27	7946	0.00339793606846212
GSE178318	gse178318_working_qc_sparse_matrix	COL17_CRC		caf_ecm_review	1165	8421	0.138344614653842
GSE178318	gse178318_working_qc_sparse_matrix	COL17_CRC		endothelial_review	355	8421	0.0421565134782092
GSE178318	gse178318_working_qc_sparse_matrix	COL17_CRC		epithelial_review	195	8421	0.023156394727467
GSE178318	gse178318_working_qc_sparse_matrix	COL17_CRC		immune_review	6631	8421	0.787436171476072
GSE178318	gse178318_working_qc_sparse_matrix	COL17_CRC		pericyte_review	75	8421	0.0089063056644104
GSE178318	gse178318_working_qc_sparse_matrix	COL17_LM		caf_ecm_review	755	9582	0.0787935712794824
GSE178318	gse178318_working_qc_sparse_matrix	COL17_LM		endothelial_review	109	9582	0.0113754957211438
GSE178318	gse178318_working_qc_sparse_matrix	COL17_LM		epithelial_review	105	9582	0.0109580463368817
GSE178318	gse178318_working_qc_sparse_matrix	COL17_LM		immune_review	8556	9582	0.892924232936756
GSE178318	gse178318_working_qc_sparse_matrix	COL17_LM		pericyte_review	57	9582	0.00594865372573575
GSE178318	gse178318_working_qc_sparse_matrix	COL17_PBMC		caf_ecm_review	795	6679	0.119029794879473
GSE178318	gse178318_working_qc_sparse_matrix	COL17_PBMC		endothelial_review	68	6679	0.0101811648450367
GSE178318	gse178318_working_qc_sparse_matrix	COL17_PBMC		epithelial_review	15	6679	0.00224584518640515
GSE178318	gse178318_working_qc_sparse_matrix	COL17_PBMC		immune_review	5765	6679	0.863153166641713
GSE178318	gse178318_working_qc_sparse_matrix	COL17_PBMC		pericyte_review	36	6679	0.00539002844737236
GSE178318	gse178318_working_qc_sparse_matrix	COL18_CRC		caf_ecm_review	1692	7942	0.213044573155376
GSE178318	gse178318_working_qc_sparse_matrix	COL18_CRC		endothelial_review	236	7942	0.029715436917653
GSE178318	gse178318_working_qc_sparse_matrix	COL18_CRC		epithelial_review	321	7942	0.0404180307227399
GSE178318	gse178318_working_qc_sparse_matrix	COL18_CRC		immune_review	5578	7942	0.70234197935029
GSE178318	gse178318_working_qc_sparse_matrix	COL18_CRC		pericyte_review	115	7942	0.0144799798539411
GSE178318	gse178318_working_qc_sparse_matrix	COL18_LM		caf_ecm_review	749	10064	0.0744236883942766
GSE178318	gse178318_working_qc_sparse_matrix	COL18_LM		endothelial_review	105	10064	0.0104332273449921
GSE178318	gse178318_working_qc_sparse_matrix	COL18_LM		epithelial_review	466	10064	0.0463036565977742
GSE178318	gse178318_working_qc_sparse_matrix	COL18_LM		immune_review	8679	10064	0.862380763116057
GSE178318	gse178318_working_qc_sparse_matrix	COL18_LM		pericyte_review	65	10064	0.00645866454689984
GSE178318	gse178318_working_qc_sparse_matrix	COL18_PBMC		caf_ecm_review	683	7839	0.0871284602627886
GSE178318	gse178318_working_qc_sparse_matrix	COL18_PBMC		endothelial_review	109	7839	0.0139048348003572
GSE178318	gse178318_working_qc_sparse_matrix	COL18_PBMC		epithelial_review	11	7839	0.00140324020921036
GSE178318	gse178318_working_qc_sparse_matrix	COL18_PBMC		immune_review	6977	7839	0.890036994514606
GSE178318	gse178318_working_qc_sparse_matrix	COL18_PBMC		pericyte_review	59	7839	0.00752647021303738
GSE245552	gse245552_Pt01_T1_working_qc_sparse_matrix	Pt01_T1	primary tumor	caf_ecm_review	448	3854	0.116242864556305
GSE245552	gse245552_Pt01_T1_working_qc_sparse_matrix	Pt01_T1	primary tumor	endothelial_review	176	3854	0.0456668396471199
GSE245552	gse245552_Pt01_T1_working_qc_sparse_matrix	Pt01_T1	primary tumor	epithelial_review	1560	3854	0.404774260508563
GSE245552	gse245552_Pt01_T1_working_qc_sparse_matrix	Pt01_T1	primary tumor	immune_review	1652	3854	0.428645563051375
GSE245552	gse245552_Pt01_T1_working_qc_sparse_matrix	Pt01_T1	primary tumor	pericyte_review	18	3854	0.00467047223663726
GSE245552	gse245552_Pt01_T2_working_qc_sparse_matrix	Pt01_T2	liver metastasis	caf_ecm_review	322	6002	0.0536487837387538
GSE245552	gse245552_Pt01_T2_working_qc_sparse_matrix	Pt01_T2	liver metastasis	endothelial_review	556	6002	0.0926357880706431
GSE245552	gse245552_Pt01_T2_working_qc_sparse_matrix	Pt01_T2	liver metastasis	epithelial_review	2788	6002	0.464511829390203
GSE245552	gse245552_Pt01_T2_working_qc_sparse_matrix	Pt01_T2	liver metastasis	immune_review	2249	6002	0.374708430523159
GSE245552	gse245552_Pt01_T2_working_qc_sparse_matrix	Pt01_T2	liver metastasis	pericyte_review	87	6002	0.0144951682772409
GSE245552	gse245552_Pt02_T1_working_qc_sparse_matrix	Pt02_T1	primary tumor	caf_ecm_review	579	3269	0.177118384827164
GSE245552	gse245552_Pt02_T1_working_qc_sparse_matrix	Pt02_T1	primary tumor	endothelial_review	527	3269	0.161211379626797
GSE245552	gse245552_Pt02_T1_working_qc_sparse_matrix	Pt02_T1	primary tumor	epithelial_review	1031	3269	0.315386968491894
GSE245552	gse245552_Pt02_T1_working_qc_sparse_matrix	Pt02_T1	primary tumor	immune_review	968	3269	0.296115019883756
GSE245552	gse245552_Pt02_T1_working_qc_sparse_matrix	Pt02_T1	primary tumor	pericyte_review	164	3269	0.0501682471703885
GSE245552	gse245552_Pt02_T2_working_qc_sparse_matrix	Pt02_T2	liver metastasis	caf_ecm_review	145	5969	0.024292176243927
GSE245552	gse245552_Pt02_T2_working_qc_sparse_matrix	Pt02_T2	liver metastasis	endothelial_review	129	5969	0.0216116602445971
GSE245552	gse245552_Pt02_T2_working_qc_sparse_matrix	Pt02_T2	liver metastasis	epithelial_review	2199	5969	0.368403417657899
GSE245552	gse245552_Pt02_T2_working_qc_sparse_matrix	Pt02_T2	liver metastasis	immune_review	3164	5969	0.530072038867482
GSE245552	gse245552_Pt02_T2_working_qc_sparse_matrix	Pt02_T2	liver metastasis	pericyte_review	332	5969	0.0556207069860948
GSE245552	gse245552_Pt03_T1_working_qc_sparse_matrix	Pt03_T1	primary tumor	caf_ecm_review	100	2220	0.045045045045045
GSE245552	gse245552_Pt03_T1_working_qc_sparse_matrix	Pt03_T1	primary tumor	endothelial_review	69	2220	0.0310810810810811
GSE245552	gse245552_Pt03_T1_working_qc_sparse_matrix	Pt03_T1	primary tumor	epithelial_review	1515	2220	0.682432432432432
GSE245552	gse245552_Pt03_T1_working_qc_sparse_matrix	Pt03_T1	primary tumor	immune_review	525	2220	0.236486486486486
GSE245552	gse245552_Pt03_T1_working_qc_sparse_matrix	Pt03_T1	primary tumor	pericyte_review	11	2220	0.00495495495495495
GSE245552	gse245552_Pt03_T2_working_qc_sparse_matrix	Pt03_T2	liver metastasis	caf_ecm_review	73	3218	0.0226848974518334
GSE245552	gse245552_Pt03_T2_working_qc_sparse_matrix	Pt03_T2	liver metastasis	endothelial_review	29	3218	0.00901180857675575
GSE245552	gse245552_Pt03_T2_working_qc_sparse_matrix	Pt03_T2	liver metastasis	epithelial_review	2197	3218	0.68272218769422
GSE245552	gse245552_Pt03_T2_working_qc_sparse_matrix	Pt03_T2	liver metastasis	immune_review	906	3218	0.281541330018645
GSE245552	gse245552_Pt03_T2_working_qc_sparse_matrix	Pt03_T2	liver metastasis	pericyte_review	13	3218	0.00403977625854568
GSE245552	gse245552_Pt04_T1_working_qc_sparse_matrix	Pt04_T1	primary tumor	caf_ecm_review	338	1997	0.169253880821232
GSE245552	gse245552_Pt04_T1_working_qc_sparse_matrix	Pt04_T1	primary tumor	endothelial_review	301	1997	0.150726089133701
GSE245552	gse245552_Pt04_T1_working_qc_sparse_matrix	Pt04_T1	primary tumor	epithelial_review	421	1997	0.210816224336505
GSE245552	gse245552_Pt04_T1_working_qc_sparse_matrix	Pt04_T1	primary tumor	immune_review	913	1997	0.457185778668002
GSE245552	gse245552_Pt04_T1_working_qc_sparse_matrix	Pt04_T1	primary tumor	pericyte_review	24	1997	0.0120180270405608
GSE245552	gse245552_Pt04_T2_working_qc_sparse_matrix	Pt04_T2	liver metastasis	caf_ecm_review	219	3389	0.0646208321038654
GSE245552	gse245552_Pt04_T2_working_qc_sparse_matrix	Pt04_T2	liver metastasis	endothelial_review	18	3389	0.00531130126881086
GSE245552	gse245552_Pt04_T2_working_qc_sparse_matrix	Pt04_T2	liver metastasis	epithelial_review	2796	3389	0.825022130421953
GSE245552	gse245552_Pt04_T2_working_qc_sparse_matrix	Pt04_T2	liver metastasis	immune_review	332	3389	0.0979640011802892
GSE245552	gse245552_Pt04_T2_working_qc_sparse_matrix	Pt04_T2	liver metastasis	pericyte_review	24	3389	0.00708173502508115
GSE245552	gse245552_Pt05_T1_working_qc_sparse_matrix	Pt05_T1	primary tumor	caf_ecm_review	102	1971	0.0517503805175038
GSE245552	gse245552_Pt05_T1_working_qc_sparse_matrix	Pt05_T1	primary tumor	endothelial_review	165	1971	0.0837138508371385
GSE245552	gse245552_Pt05_T1_working_qc_sparse_matrix	Pt05_T1	primary tumor	epithelial_review	830	1971	0.421106037544394
GSE245552	gse245552_Pt05_T1_working_qc_sparse_matrix	Pt05_T1	primary tumor	immune_review	872	1971	0.442415017757483
GSE245552	gse245552_Pt05_T1_working_qc_sparse_matrix	Pt05_T1	primary tumor	pericyte_review	2	1971	0.00101471334348047
GSE245552	gse245552_Pt05_T2_working_qc_sparse_matrix	Pt05_T2	liver metastasis	caf_ecm_review	209	3393	0.0615974064249926
GSE245552	gse245552_Pt05_T2_working_qc_sparse_matrix	Pt05_T2	liver metastasis	endothelial_review	218	3393	0.0642499263188918
GSE245552	gse245552_Pt05_T2_working_qc_sparse_matrix	Pt05_T2	liver metastasis	epithelial_review	322	3393	0.0949012673150604
GSE245552	gse245552_Pt05_T2_working_qc_sparse_matrix	Pt05_T2	liver metastasis	immune_review	2625	3393	0.773651635720601
GSE245552	gse245552_Pt05_T2_working_qc_sparse_matrix	Pt05_T2	liver metastasis	pericyte_review	19	3393	0.00559976422045388
GSE245552	gse245552_Pt05_T3_working_qc_sparse_matrix	Pt05_T3	liver metastasis	caf_ecm_review	15	2936	0.00510899182561308
GSE245552	gse245552_Pt05_T3_working_qc_sparse_matrix	Pt05_T3	liver metastasis	endothelial_review	46	2936	0.0156675749318801
GSE245552	gse245552_Pt05_T3_working_qc_sparse_matrix	Pt05_T3	liver metastasis	epithelial_review	8	2936	0.00272479564032698
GSE245552	gse245552_Pt05_T3_working_qc_sparse_matrix	Pt05_T3	liver metastasis	immune_review	2866	2936	0.976158038147139
GSE245552	gse245552_Pt05_T3_working_qc_sparse_matrix	Pt05_T3	liver metastasis	pericyte_review	1	2936	0.000340599455040872
GSE245552	gse245552_Pt06_T1_working_qc_sparse_matrix	Pt06_T1	primary tumor	caf_ecm_review	80	733	0.109140518417462
GSE245552	gse245552_Pt06_T1_working_qc_sparse_matrix	Pt06_T1	primary tumor	endothelial_review	32	733	0.043656207366985
GSE245552	gse245552_Pt06_T1_working_qc_sparse_matrix	Pt06_T1	primary tumor	epithelial_review	416	733	0.567530695770805
GSE245552	gse245552_Pt06_T1_working_qc_sparse_matrix	Pt06_T1	primary tumor	immune_review	196	733	0.267394270122783
GSE245552	gse245552_Pt06_T1_working_qc_sparse_matrix	Pt06_T1	primary tumor	pericyte_review	9	733	0.0122783083219645
GSE245552	gse245552_Pt06_T2_working_qc_sparse_matrix	Pt06_T2	liver metastasis	caf_ecm_review	173	1304	0.132668711656442
GSE245552	gse245552_Pt06_T2_working_qc_sparse_matrix	Pt06_T2	liver metastasis	endothelial_review	68	1304	0.0521472392638037
GSE245552	gse245552_Pt06_T2_working_qc_sparse_matrix	Pt06_T2	liver metastasis	epithelial_review	92	1304	0.0705521472392638
GSE245552	gse245552_Pt06_T2_working_qc_sparse_matrix	Pt06_T2	liver metastasis	immune_review	925	1304	0.709355828220859
GSE245552	gse245552_Pt06_T2_working_qc_sparse_matrix	Pt06_T2	liver metastasis	pericyte_review	46	1304	0.0352760736196319
GSE245552	gse245552_Pt06_T3_working_qc_sparse_matrix	Pt06_T3	liver metastasis	caf_ecm_review	944	6534	0.144475053565963
GSE245552	gse245552_Pt06_T3_working_qc_sparse_matrix	Pt06_T3	liver metastasis	endothelial_review	328	6534	0.0501989592898684
GSE245552	gse245552_Pt06_T3_working_qc_sparse_matrix	Pt06_T3	liver metastasis	epithelial_review	997	6534	0.152586470768289
GSE245552	gse245552_Pt06_T3_working_qc_sparse_matrix	Pt06_T3	liver metastasis	immune_review	4183	6534	0.640189776553413
GSE245552	gse245552_Pt06_T3_working_qc_sparse_matrix	Pt06_T3	liver metastasis	pericyte_review	82	6534	0.0125497398224671
GSE245552	gse245552_Pt07_T1_working_qc_sparse_matrix	Pt07_T1	primary tumor	caf_ecm_review	667	3784	0.176268498942918
GSE245552	gse245552_Pt07_T1_working_qc_sparse_matrix	Pt07_T1	primary tumor	endothelial_review	333	3784	0.0880021141649049
GSE245552	gse245552_Pt07_T1_working_qc_sparse_matrix	Pt07_T1	primary tumor	epithelial_review	558	3784	0.147463002114165
GSE245552	gse245552_Pt07_T1_working_qc_sparse_matrix	Pt07_T1	primary tumor	immune_review	2045	3784	0.540433403805497
GSE245552	gse245552_Pt07_T1_working_qc_sparse_matrix	Pt07_T1	primary tumor	pericyte_review	181	3784	0.0478329809725159
GSE245552	gse245552_Pt07_T2_working_qc_sparse_matrix	Pt07_T2	liver metastasis	caf_ecm_review	52	2758	0.018854242204496
GSE245552	gse245552_Pt07_T2_working_qc_sparse_matrix	Pt07_T2	liver metastasis	endothelial_review	36	2758	0.0130529369108049
GSE245552	gse245552_Pt07_T2_working_qc_sparse_matrix	Pt07_T2	liver metastasis	epithelial_review	815	2758	0.295503988397389
GSE245552	gse245552_Pt07_T2_working_qc_sparse_matrix	Pt07_T2	liver metastasis	immune_review	1851	2758	0.671138506163887
GSE245552	gse245552_Pt07_T2_working_qc_sparse_matrix	Pt07_T2	liver metastasis	pericyte_review	4	2758	0.00145032632342277
GSE245552	gse245552_Pt08_T1_working_qc_sparse_matrix	Pt08_T1	primary tumor	caf_ecm_review	581	6993	0.0830830830830831
GSE245552	gse245552_Pt08_T1_working_qc_sparse_matrix	Pt08_T1	primary tumor	endothelial_review	1000	6993	0.143000143000143
GSE245552	gse245552_Pt08_T1_working_qc_sparse_matrix	Pt08_T1	primary tumor	epithelial_review	565	6993	0.0807950807950808
GSE245552	gse245552_Pt08_T1_working_qc_sparse_matrix	Pt08_T1	primary tumor	immune_review	4680	6993	0.669240669240669
GSE245552	gse245552_Pt08_T1_working_qc_sparse_matrix	Pt08_T1	primary tumor	pericyte_review	167	6993	0.0238810238810239
GSE245552	gse245552_Pt08_T2_working_qc_sparse_matrix	Pt08_T2	primary tumor	caf_ecm_review	298	3318	0.0898131404460518
GSE245552	gse245552_Pt08_T2_working_qc_sparse_matrix	Pt08_T2	primary tumor	endothelial_review	480	3318	0.144665461121157
GSE245552	gse245552_Pt08_T2_working_qc_sparse_matrix	Pt08_T2	primary tumor	epithelial_review	386	3318	0.116335141651597
GSE245552	gse245552_Pt08_T2_working_qc_sparse_matrix	Pt08_T2	primary tumor	immune_review	2105	3318	0.634418324291742
GSE245552	gse245552_Pt08_T2_working_qc_sparse_matrix	Pt08_T2	primary tumor	pericyte_review	49	3318	0.0147679324894515
GSE245552	gse245552_Pt08_T3_working_qc_sparse_matrix	Pt08_T3	liver metastasis	caf_ecm_review	177	4262	0.0415297982167996
GSE245552	gse245552_Pt08_T3_working_qc_sparse_matrix	Pt08_T3	liver metastasis	endothelial_review	80	4262	0.0187705302674801
GSE245552	gse245552_Pt08_T3_working_qc_sparse_matrix	Pt08_T3	liver metastasis	epithelial_review	2386	4262	0.559831065227593
GSE245552	gse245552_Pt08_T3_working_qc_sparse_matrix	Pt08_T3	liver metastasis	immune_review	1576	4262	0.369779446269357
GSE245552	gse245552_Pt08_T3_working_qc_sparse_matrix	Pt08_T3	liver metastasis	pericyte_review	43	4262	0.0100891600187705
GSE245552	gse245552_Pt08_T4_working_qc_sparse_matrix	Pt08_T4	liver metastasis	caf_ecm_review	44	4096	0.0107421875
GSE245552	gse245552_Pt08_T4_working_qc_sparse_matrix	Pt08_T4	liver metastasis	endothelial_review	105	4096	0.025634765625
GSE245552	gse245552_Pt08_T4_working_qc_sparse_matrix	Pt08_T4	liver metastasis	epithelial_review	3011	4096	0.735107421875
GSE245552	gse245552_Pt08_T4_working_qc_sparse_matrix	Pt08_T4	liver metastasis	immune_review	927	4096	0.226318359375
GSE245552	gse245552_Pt08_T4_working_qc_sparse_matrix	Pt08_T4	liver metastasis	pericyte_review	9	4096	0.002197265625
GSE245552	gse245552_Pt09_T1_working_qc_sparse_matrix	Pt09_T1	primary tumor	caf_ecm_review	888	4533	0.195896757114494
GSE245552	gse245552_Pt09_T1_working_qc_sparse_matrix	Pt09_T1	primary tumor	endothelial_review	630	4533	0.13898080741231
GSE245552	gse245552_Pt09_T1_working_qc_sparse_matrix	Pt09_T1	primary tumor	epithelial_review	419	4533	0.0924332671519965
GSE245552	gse245552_Pt09_T1_working_qc_sparse_matrix	Pt09_T1	primary tumor	immune_review	2538	4533	0.559894109861019
GSE245552	gse245552_Pt09_T1_working_qc_sparse_matrix	Pt09_T1	primary tumor	pericyte_review	58	4533	0.0127950584601809
GSE245552	gse245552_Pt10_T1_working_qc_sparse_matrix	Pt10_T1	primary tumor	caf_ecm_review	1435	6748	0.212655601659751
GSE245552	gse245552_Pt10_T1_working_qc_sparse_matrix	Pt10_T1	primary tumor	endothelial_review	642	6748	0.0951393005334914
GSE245552	gse245552_Pt10_T1_working_qc_sparse_matrix	Pt10_T1	primary tumor	epithelial_review	957	6748	0.141819798458803
GSE245552	gse245552_Pt10_T1_working_qc_sparse_matrix	Pt10_T1	primary tumor	immune_review	3688	6748	0.546532305868405
GSE245552	gse245552_Pt10_T1_working_qc_sparse_matrix	Pt10_T1	primary tumor	pericyte_review	26	6748	0.0038529934795495
GSE245552	gse245552_Pt10_T2_working_qc_sparse_matrix	Pt10_T2	liver metastasis	caf_ecm_review	520	7345	0.0707964601769911
GSE245552	gse245552_Pt10_T2_working_qc_sparse_matrix	Pt10_T2	liver metastasis	endothelial_review	160	7345	0.021783526208305
GSE245552	gse245552_Pt10_T2_working_qc_sparse_matrix	Pt10_T2	liver metastasis	epithelial_review	168	7345	0.0228727025187202
GSE245552	gse245552_Pt10_T2_working_qc_sparse_matrix	Pt10_T2	liver metastasis	immune_review	6445	7345	0.877467665078285
GSE245552	gse245552_Pt10_T2_working_qc_sparse_matrix	Pt10_T2	liver metastasis	pericyte_review	52	7345	0.00707964601769911
GSE245552	gse245552_Pt11_T1_working_qc_sparse_matrix	Pt11_T1	primary tumor	caf_ecm_review	580	6023	0.0962975261497593
GSE245552	gse245552_Pt11_T1_working_qc_sparse_matrix	Pt11_T1	primary tumor	endothelial_review	591	6023	0.0981238585422547
GSE245552	gse245552_Pt11_T1_working_qc_sparse_matrix	Pt11_T1	primary tumor	epithelial_review	2555	6023	0.424207205711439
GSE245552	gse245552_Pt11_T1_working_qc_sparse_matrix	Pt11_T1	primary tumor	immune_review	2219	6023	0.368421052631579
GSE245552	gse245552_Pt11_T1_working_qc_sparse_matrix	Pt11_T1	primary tumor	pericyte_review	78	6023	0.0129503569649676
GSE245552	gse245552_Pt11_T2_working_qc_sparse_matrix	Pt11_T2	liver metastasis	caf_ecm_review	117	4970	0.0235412474849095
GSE245552	gse245552_Pt11_T2_working_qc_sparse_matrix	Pt11_T2	liver metastasis	endothelial_review	93	4970	0.0187122736418511
GSE245552	gse245552_Pt11_T2_working_qc_sparse_matrix	Pt11_T2	liver metastasis	epithelial_review	609	4970	0.122535211267606
GSE245552	gse245552_Pt11_T2_working_qc_sparse_matrix	Pt11_T2	liver metastasis	immune_review	4114	4970	0.827766599597585
GSE245552	gse245552_Pt11_T2_working_qc_sparse_matrix	Pt11_T2	liver metastasis	pericyte_review	37	4970	0.00744466800804829
GSE245552	gse245552_Pt13_T1_working_qc_sparse_matrix	Pt13_T1	primary tumor	caf_ecm_review	341	3415	0.0998535871156662
GSE245552	gse245552_Pt13_T1_working_qc_sparse_matrix	Pt13_T1	primary tumor	endothelial_review	428	3415	0.125329428989751
GSE245552	gse245552_Pt13_T1_working_qc_sparse_matrix	Pt13_T1	primary tumor	epithelial_review	514	3415	0.150512445095168
GSE245552	gse245552_Pt13_T1_working_qc_sparse_matrix	Pt13_T1	primary tumor	immune_review	2104	3415	0.61610541727672
GSE245552	gse245552_Pt13_T1_working_qc_sparse_matrix	Pt13_T1	primary tumor	pericyte_review	28	3415	0.008199121522694
GSE245552	gse245552_Pt13_Z1_working_qc_sparse_matrix	Pt13_Z1	colon adjacent tissue	caf_ecm_review	1918	5547	0.345772489634036
GSE245552	gse245552_Pt13_Z1_working_qc_sparse_matrix	Pt13_Z1	colon adjacent tissue	endothelial_review	514	5547	0.0926627005588606
GSE245552	gse245552_Pt13_Z1_working_qc_sparse_matrix	Pt13_Z1	colon adjacent tissue	epithelial_review	2460	5547	0.443482963764197
GSE245552	gse245552_Pt13_Z1_working_qc_sparse_matrix	Pt13_Z1	colon adjacent tissue	immune_review	619	5547	0.111591851451235
GSE245552	gse245552_Pt13_Z1_working_qc_sparse_matrix	Pt13_Z1	colon adjacent tissue	pericyte_review	36	5547	0.00648999459167117
GSE245552	gse245552_Pt15_T1_working_qc_sparse_matrix	Pt15_T1	primary tumor	caf_ecm_review	2207	8355	0.264153201675643
GSE245552	gse245552_Pt15_T1_working_qc_sparse_matrix	Pt15_T1	primary tumor	endothelial_review	844	8355	0.101017354877319
GSE245552	gse245552_Pt15_T1_working_qc_sparse_matrix	Pt15_T1	primary tumor	epithelial_review	975	8355	0.116696588868941
GSE245552	gse245552_Pt15_T1_working_qc_sparse_matrix	Pt15_T1	primary tumor	immune_review	3528	8355	0.422262118491921
GSE245552	gse245552_Pt15_T1_working_qc_sparse_matrix	Pt15_T1	primary tumor	pericyte_review	801	8355	0.0958707360861759
GSE245552	gse245552_Pt15_T2_working_qc_sparse_matrix	Pt15_T2	liver metastasis	caf_ecm_review	15	4698	0.00319284802043423
GSE245552	gse245552_Pt15_T2_working_qc_sparse_matrix	Pt15_T2	liver metastasis	endothelial_review	44	4698	0.00936568752660707
GSE245552	gse245552_Pt15_T2_working_qc_sparse_matrix	Pt15_T2	liver metastasis	epithelial_review	4324	4698	0.92039165602384
GSE245552	gse245552_Pt15_T2_working_qc_sparse_matrix	Pt15_T2	liver metastasis	immune_review	293	4698	0.0623669646658152
GSE245552	gse245552_Pt15_T2_working_qc_sparse_matrix	Pt15_T2	liver metastasis	pericyte_review	22	4698	0.00468284376330353
GSE245552	gse245552_Pt15_Z1_working_qc_sparse_matrix	Pt15_Z1	colon adjacent tissue	caf_ecm_review	55	5170	0.0106382978723404
GSE245552	gse245552_Pt15_Z1_working_qc_sparse_matrix	Pt15_Z1	colon adjacent tissue	endothelial_review	32	5170	0.00618955512572534
GSE245552	gse245552_Pt15_Z1_working_qc_sparse_matrix	Pt15_Z1	colon adjacent tissue	epithelial_review	4244	5170	0.820889748549323
GSE245552	gse245552_Pt15_Z1_working_qc_sparse_matrix	Pt15_Z1	colon adjacent tissue	immune_review	831	5170	0.16073500967118
GSE245552	gse245552_Pt15_Z1_working_qc_sparse_matrix	Pt15_Z1	colon adjacent tissue	pericyte_review	8	5170	0.00154738878143133
GSE245552	gse245552_Pt16_T1_working_qc_sparse_matrix	Pt16_T1	liver metastasis	caf_ecm_review	12	347	0.0345821325648415
GSE245552	gse245552_Pt16_T1_working_qc_sparse_matrix	Pt16_T1	liver metastasis	endothelial_review	5	347	0.0144092219020173
GSE245552	gse245552_Pt16_T1_working_qc_sparse_matrix	Pt16_T1	liver metastasis	epithelial_review	27	347	0.0778097982708934
GSE245552	gse245552_Pt16_T1_working_qc_sparse_matrix	Pt16_T1	liver metastasis	immune_review	302	347	0.870317002881844
GSE245552	gse245552_Pt16_T1_working_qc_sparse_matrix	Pt16_T1	liver metastasis	pericyte_review	1	347	0.00288184438040346
GSE245552	gse245552_Pt16_Z1_working_qc_sparse_matrix	Pt16_Z1	liver adjacent tissue	caf_ecm_review	11	255	0.0431372549019608
GSE245552	gse245552_Pt16_Z1_working_qc_sparse_matrix	Pt16_Z1	liver adjacent tissue	endothelial_review	11	255	0.0431372549019608
GSE245552	gse245552_Pt16_Z1_working_qc_sparse_matrix	Pt16_Z1	liver adjacent tissue	epithelial_review	22	255	0.0862745098039216
GSE245552	gse245552_Pt16_Z1_working_qc_sparse_matrix	Pt16_Z1	liver adjacent tissue	immune_review	200	255	0.784313725490196
GSE245552	gse245552_Pt16_Z1_working_qc_sparse_matrix	Pt16_Z1	liver adjacent tissue	pericyte_review	11	255	0.0431372549019608
GSE245552	gse245552_Pt17_T1_working_qc_sparse_matrix	Pt17_T1	primary tumor	caf_ecm_review	251	1517	0.165458141067897
GSE245552	gse245552_Pt17_T1_working_qc_sparse_matrix	Pt17_T1	primary tumor	endothelial_review	112	1517	0.0738299274884641
GSE245552	gse245552_Pt17_T1_working_qc_sparse_matrix	Pt17_T1	primary tumor	epithelial_review	36	1517	0.023731048121292
GSE245552	gse245552_Pt17_T1_working_qc_sparse_matrix	Pt17_T1	primary tumor	immune_review	1072	1517	0.706657877389585
GSE245552	gse245552_Pt17_T1_working_qc_sparse_matrix	Pt17_T1	primary tumor	pericyte_review	46	1517	0.030323005932762
GSE245552	gse245552_Pt17_T2_working_qc_sparse_matrix	Pt17_T2	liver metastasis	caf_ecm_review	56	1804	0.0310421286031042
GSE245552	gse245552_Pt17_T2_working_qc_sparse_matrix	Pt17_T2	liver metastasis	endothelial_review	66	1804	0.0365853658536585
GSE245552	gse245552_Pt17_T2_working_qc_sparse_matrix	Pt17_T2	liver metastasis	epithelial_review	199	1804	0.110310421286031
GSE245552	gse245552_Pt17_T2_working_qc_sparse_matrix	Pt17_T2	liver metastasis	immune_review	1459	1804	0.808758314855876
GSE245552	gse245552_Pt17_T2_working_qc_sparse_matrix	Pt17_T2	liver metastasis	pericyte_review	24	1804	0.0133037694013304
GSE245552	gse245552_Pt17_Z1_working_qc_sparse_matrix	Pt17_Z1	colon adjacent tissue	caf_ecm_review	633	3570	0.177310924369748
GSE245552	gse245552_Pt17_Z1_working_qc_sparse_matrix	Pt17_Z1	colon adjacent tissue	endothelial_review	225	3570	0.0630252100840336
GSE245552	gse245552_Pt17_Z1_working_qc_sparse_matrix	Pt17_Z1	colon adjacent tissue	epithelial_review	683	3570	0.191316526610644
GSE245552	gse245552_Pt17_Z1_working_qc_sparse_matrix	Pt17_Z1	colon adjacent tissue	immune_review	2025	3570	0.567226890756303
GSE245552	gse245552_Pt17_Z1_working_qc_sparse_matrix	Pt17_Z1	colon adjacent tissue	pericyte_review	4	3570	0.00112044817927171
GSE245552	gse245552_Pt18_T1_working_qc_sparse_matrix	Pt18_T1	primary tumor	caf_ecm_review	162	3264	0.0496323529411765
GSE245552	gse245552_Pt18_T1_working_qc_sparse_matrix	Pt18_T1	primary tumor	endothelial_review	45	3264	0.0137867647058824
GSE245552	gse245552_Pt18_T1_working_qc_sparse_matrix	Pt18_T1	primary tumor	epithelial_review	1828	3264	0.560049019607843
GSE245552	gse245552_Pt18_T1_working_qc_sparse_matrix	Pt18_T1	primary tumor	immune_review	1221	3264	0.374080882352941
GSE245552	gse245552_Pt18_T1_working_qc_sparse_matrix	Pt18_T1	primary tumor	pericyte_review	8	3264	0.00245098039215686
GSE245552	gse245552_Pt18_T2_working_qc_sparse_matrix	Pt18_T2	liver metastasis	caf_ecm_review	107	4759	0.0224837150661904
GSE245552	gse245552_Pt18_T2_working_qc_sparse_matrix	Pt18_T2	liver metastasis	endothelial_review	8	4759	0.00168102542550956
GSE245552	gse245552_Pt18_T2_working_qc_sparse_matrix	Pt18_T2	liver metastasis	epithelial_review	4016	4759	0.843874763605799
GSE245552	gse245552_Pt18_T2_working_qc_sparse_matrix	Pt18_T2	liver metastasis	immune_review	516	4759	0.108426139945367
GSE245552	gse245552_Pt18_T2_working_qc_sparse_matrix	Pt18_T2	liver metastasis	pericyte_review	112	4759	0.0235343559571339
GSE245552	gse245552_Pt18_Z1_working_qc_sparse_matrix	Pt18_Z1	colon adjacent tissue	caf_ecm_review	707	2793	0.2531328320802
GSE245552	gse245552_Pt18_Z1_working_qc_sparse_matrix	Pt18_Z1	colon adjacent tissue	endothelial_review	144	2793	0.0515574650912997
GSE245552	gse245552_Pt18_Z1_working_qc_sparse_matrix	Pt18_Z1	colon adjacent tissue	epithelial_review	892	2793	0.31936985320444
GSE245552	gse245552_Pt18_Z1_working_qc_sparse_matrix	Pt18_Z1	colon adjacent tissue	immune_review	1041	2793	0.372717508055854
GSE245552	gse245552_Pt18_Z1_working_qc_sparse_matrix	Pt18_Z1	colon adjacent tissue	pericyte_review	9	2793	0.00322234156820623
GSE245552	gse245552_Pt18_Z2_working_qc_sparse_matrix	Pt18_Z2	liver adjacent tissue	caf_ecm_review	117	5952	0.0196572580645161
GSE245552	gse245552_Pt18_Z2_working_qc_sparse_matrix	Pt18_Z2	liver adjacent tissue	endothelial_review	552	5952	0.092741935483871
GSE245552	gse245552_Pt18_Z2_working_qc_sparse_matrix	Pt18_Z2	liver adjacent tissue	epithelial_review	10	5952	0.00168010752688172
GSE245552	gse245552_Pt18_Z2_working_qc_sparse_matrix	Pt18_Z2	liver adjacent tissue	immune_review	5171	5952	0.868783602150538
GSE245552	gse245552_Pt18_Z2_working_qc_sparse_matrix	Pt18_Z2	liver adjacent tissue	pericyte_review	102	5952	0.0171370967741935
