dataset_id	object_label	sample_label	tissue_site	review_class	score_margin_n	score_margin_q1	score_margin_median	score_margin_mean	score_margin_q3	top_score_n	top_score_q1	top_score_median	top_score_mean	top_score_q3
GSE178318	gse178318_working_qc_sparse_matrix	COL07_CRC		caf_ecm_review	628	0	0	0.34905774864811	0.346534211015473	628	0	0	0.743025083602618	0.966224358837178
GSE178318	gse178318_working_qc_sparse_matrix	COL07_CRC		endothelial_review	59	0	0	0.165195564350606	0.282332294173654	59	0.357488098873046	0.456356587430765	0.588587145417127	0.74222768370115
GSE178318	gse178318_working_qc_sparse_matrix	COL07_CRC		epithelial_review	6708	1.20617874828533	1.94533401227324	1.77211340834206	2.42591863812699	6708	1.92451676141265	2.59971480526749	2.3784724235003	3.0136481423072
GSE178318	gse178318_working_qc_sparse_matrix	COL07_CRC		immune_review	6691	0.680997712345442	1.02007085000896	1.06911511616176	1.44393417836387	6691	1.01739119481965	1.42115201845456	1.40430304970439	1.73998610428146
GSE178318	gse178318_working_qc_sparse_matrix	COL07_CRC		pericyte_review	22	0	0	0.199893612947743	0.475590668683848	22	0.596571897192771	0.686416831584544	0.805098401629011	1.00806259620982
GSE178318	gse178318_working_qc_sparse_matrix	COL07_LM		caf_ecm_review	374	0	0	0.0351254281187202	0	374	0	0	0.0563135819134137	0
GSE178318	gse178318_working_qc_sparse_matrix	COL07_LM		endothelial_review	111	0	0.0389912003838682	0.114390932325308	0.180914239989881	111	0.17806808922711	0.27759493157703	0.322387700052727	0.411057809713912
GSE178318	gse178318_working_qc_sparse_matrix	COL07_LM		epithelial_review	1678	0.544046175576347	1.43408351785104	1.31380579433224	2.00351379195806	1678	1.23131515025025	2.413632986358	2.11636499058871	2.87709905322362
GSE178318	gse178318_working_qc_sparse_matrix	COL07_LM		immune_review	10926	0.908977975543922	1.31464745095095	1.30132808178195	1.68382370814271	10926	1.11509580613593	1.52021136352366	1.48461652322163	1.8147299182214
GSE178318	gse178318_working_qc_sparse_matrix	COL07_LM		pericyte_review	17	0	0	0.177250818270601	0.194353869355747	17	0.535415190445042	0.629612204683626	0.682309271784288	0.719454842466287
GSE178318	gse178318_working_qc_sparse_matrix	COL12_CRC		caf_ecm_review	1501	0	0	0.404271368210594	0.341133436273043	1501	0	0	0.755986685427867	0.481390715899287
GSE178318	gse178318_working_qc_sparse_matrix	COL12_CRC		endothelial_review	121	0	0.16648164558842	0.271720508878663	0.525553628478184	121	0.268791340758825	0.524056343381846	0.533789154316729	0.661955395183653
GSE178318	gse178318_working_qc_sparse_matrix	COL12_CRC		epithelial_review	409	0	0.59189729612019	1.33830871410393	2.72168140909583	409	0.588526654548761	0.726547235592784	1.6603733819131	3.03012563476332
GSE178318	gse178318_working_qc_sparse_matrix	COL12_CRC		immune_review	7632	0.72189287059385	1.13429605375308	1.15036445233004	1.53391563399435	7632	0.866024148577846	1.32790526054384	1.30176462435498	1.67850240750563
GSE178318	gse178318_working_qc_sparse_matrix	COL12_CRC		pericyte_review	56	0	0.282044408942136	0.317986751371502	0.62028135306024	56	0.558838861106226	0.616710484727234	0.685629058416066	0.701829188937375
GSE178318	gse178318_working_qc_sparse_matrix	COL12_LM		caf_ecm_review	108	0	0	0.0706353607659456	0	108	0	0	0.160197989823708	0
GSE178318	gse178318_working_qc_sparse_matrix	COL12_LM		endothelial_review	13	0	0	0.292598389356167	0.299113684169821	13	0.566321085050205	0.666147247829398	0.773207474176268	0.824991182552793
GSE178318	gse178318_working_qc_sparse_matrix	COL12_LM		epithelial_review	232	2.35855223433118	2.90274399594905	2.53746378750438	3.31616046665806	232	2.56332743800697	3.03006530012635	2.70915306198571	3.37695842558381
GSE178318	gse178318_working_qc_sparse_matrix	COL12_LM		immune_review	2166	0.87531057953584	1.27610970458985	1.25838759898345	1.62350967062634	2166	0.991804754737475	1.43640239475493	1.38433304857088	1.73525783169564
GSE178318	gse178318_working_qc_sparse_matrix	COL12_LM		pericyte_review	42	0	0.175514739381443	0.328378659459152	0.63951260518762	42	0.593352591028686	0.703582796736364	0.952641810712991	1.1957386056665
GSE178318	gse178318_working_qc_sparse_matrix	COL12_PBMC		caf_ecm_review	1329	0	0	0.026903283878742	0	1329	0	0	0.0283836727462229	0
GSE178318	gse178318_working_qc_sparse_matrix	COL12_PBMC		endothelial_review	89	0	0	0.204435692613001	0.482963745992433	89	0.431934234065041	0.497416440867911	0.498881114038225	0.573113819934821
GSE178318	gse178318_working_qc_sparse_matrix	COL12_PBMC		epithelial_review	18	0	0.109917696169714	0.221522055153159	0.486564886271088	18	0.463704591963417	0.506888934523469	0.495161112843019	0.527752042488725
GSE178318	gse178318_working_qc_sparse_matrix	COL12_PBMC		immune_review	10886	0.676126210700628	1.03536015755332	1.06874203123789	1.39514984178993	10886	0.724842653399	1.1048017513848	1.13806192805581	1.46250389425104
GSE178318	gse178318_working_qc_sparse_matrix	COL12_PBMC		pericyte_review	60	0	0	0.182742836259597	0.511261634622074	60	0.495235502900086	0.540301459296411	0.523127980482608	0.58725970830766
GSE178318	gse178318_working_qc_sparse_matrix	COL15_CRC		caf_ecm_review	368	0	0.115188393278708	0.420939455801945	0.63462077191089	368	0	0.251084311909757	1.14882437992662	2.61087735695945
GSE178318	gse178318_working_qc_sparse_matrix	COL15_CRC		endothelial_review	65	0	0.259245455485109	0.441238669762942	0.73566752183687	65	0.259245455485109	0.530169967516194	0.767223668834275	1.17143093948564
GSE178318	gse178318_working_qc_sparse_matrix	COL15_CRC		epithelial_review	488	0.636787325139098	2.29199178761485	1.84937267699739	2.75418466922741	488	0.961954309329466	2.45261951020734	2.0810578872328	2.92797034538354
GSE178318	gse178318_working_qc_sparse_matrix	COL15_CRC		immune_review	2200	0.720628519989537	1.10122333954996	1.10073541953869	1.45776889098224	2200	0.914568301339395	1.3142682168574	1.27821036723576	1.62121059009015
GSE178318	gse178318_working_qc_sparse_matrix	COL15_CRC		pericyte_review	38	0.0503473139882972	0.355176668583258	0.61571665662039	0.998896957448238	38	0.581656124215041	1.23995545914665	1.41488846409039	2.14548957504161
GSE178318	gse178318_working_qc_sparse_matrix	COL15_LM		caf_ecm_review	517	0	0	0.100340185220288	0	517	0	0	0.208001186176424	0.172897334166312
GSE178318	gse178318_working_qc_sparse_matrix	COL15_LM		endothelial_review	66	0	0.104962744762584	0.28398082517579	0.504743094763304	66	0.469233670732086	0.571809580154059	0.681134666484454	0.71094772163775
GSE178318	gse178318_working_qc_sparse_matrix	COL15_LM		epithelial_review	1143	0.200939879246415	1.15177535498274	1.42871079558932	2.61900074043968	1143	0.654651221416416	1.56622803158759	1.76776064842775	2.7922593068298
GSE178318	gse178318_working_qc_sparse_matrix	COL15_LM		immune_review	6058	0.647596039879624	0.938953477947231	0.992459195020491	1.31651677941898	6058	0.884036206668306	1.23149682634546	1.23260421587055	1.53116233131507
GSE178318	gse178318_working_qc_sparse_matrix	COL15_LM		pericyte_review	146	0.0995186091975554	0.542074192608622	0.545764458740787	0.801596436063871	146	0.670456556293402	1.28454258189237	1.274102778446	1.75285380113064
GSE178318	gse178318_working_qc_sparse_matrix	COL16_CRC		caf_ecm_review	201	0	0	0.409270015179597	0.306371905751027	201	0	0	0.79842672422016	0.805046194950312
GSE178318	gse178318_working_qc_sparse_matrix	COL16_CRC		endothelial_review	34	0	0.0465108646630082	0.376554297008049	0.691265663110675	34	0.502413131560624	0.671821829137923	0.875120568420928	1.33028106533949
GSE178318	gse178318_working_qc_sparse_matrix	COL16_CRC		epithelial_review	1885	0.602164492013037	2.41962287310916	1.99803430756123	3.05365884024323	1885	1.17839389405054	3.03034385630475	2.53971432602816	3.58806551648829
GSE178318	gse178318_working_qc_sparse_matrix	COL16_CRC		immune_review	2738	0.589953828296201	0.923510650167091	0.955794613446597	1.28058202421547	2738	1.06119465630651	1.41318462013318	1.39906268358321	1.70818856814134
GSE178318	gse178318_working_qc_sparse_matrix	COL16_CRC		pericyte_review	7	0.201833076584092	0.405936170550659	0.378231415482382	0.493245195871835	7	0.560141841542479	1.1400834899598	1.12691265057607	1.61167138966012
GSE178318	gse178318_working_qc_sparse_matrix	COL16_LM		caf_ecm_review	262	0	0	0.0318559026055881	0	262	0	0	0.0545441163315881	0
GSE178318	gse178318_working_qc_sparse_matrix	COL16_LM		endothelial_review	30	0	0	0.177709400165017	0.448618852544369	30	0.476138210737804	0.562100623844589	0.531283028692675	0.628734219916956
GSE178318	gse178318_working_qc_sparse_matrix	COL16_LM		epithelial_review	291	0.0871379195346734	0.934422217454208	1.19795572628956	2.06636828287882	291	0.650654830981371	2.13028148603165	1.9563409364768	2.95310344976071
GSE178318	gse178318_working_qc_sparse_matrix	COL16_LM		immune_review	7336	0.882406880084806	1.24299667780321	1.23462787597257	1.56699095460493	7336	0.998635281564809	1.37303256656898	1.34973516233298	1.65424885234881
GSE178318	gse178318_working_qc_sparse_matrix	COL16_LM		pericyte_review	27	0	0	0.261032980913492	0.467085647737595	27	0.564640291180195	0.633452353572359	0.845779011005437	0.871594562886356
GSE178318	gse178318_working_qc_sparse_matrix	COL17_CRC		caf_ecm_review	1165	0	0	0.0562134447886387	0	1165	0	0	0.110117704616903	0
GSE178318	gse178318_working_qc_sparse_matrix	COL17_CRC		endothelial_review	355	0	0.127914884853003	0.205451478326251	0.258117326750476	355	0.148691359786284	0.230799700507947	0.37624612767485	0.468215964309762
GSE178318	gse178318_working_qc_sparse_matrix	COL17_CRC		epithelial_review	195	0	0.264686729734391	0.771804022137583	1.19790961024782	195	0.186020982088956	0.57361570038083	1.02054254066429	1.77752723982295
GSE178318	gse178318_working_qc_sparse_matrix	COL17_CRC		immune_review	6631	0.702463236979528	1.10547189253963	1.10377638353189	1.49224718055865	6631	0.781191582893245	1.19531754060614	1.17468219205038	1.55388478309134
GSE178318	gse178318_working_qc_sparse_matrix	COL17_CRC		pericyte_review	75	0	0.102379971123106	0.299947955703288	0.508187788987708	75	0.133892745522231	0.433029692547019	0.534088706202478	0.664412973845431
GSE178318	gse178318_working_qc_sparse_matrix	COL17_LM		caf_ecm_review	755	0	0	0.0788758853224999	0	755	0	0	0.184172660135572	0
GSE178318	gse178318_working_qc_sparse_matrix	COL17_LM		endothelial_review	109	0	0	0.134092156992068	0.168305104799673	109	0.238312561639607	0.550113570590122	0.482817516158485	0.621185480779888
GSE178318	gse178318_working_qc_sparse_matrix	COL17_LM		epithelial_review	105	0	0	0.337392214447931	0.528620393956701	105	0.510456203234819	0.581146963985749	0.736278084014454	0.727825613110864
GSE178318	gse178318_working_qc_sparse_matrix	COL17_LM		immune_review	8556	0.743478755986997	1.13842144687773	1.14365143362965	1.4809844382621	8556	0.825656338007935	1.24720237608773	1.23811970130184	1.56720445164916
GSE178318	gse178318_working_qc_sparse_matrix	COL17_LM		pericyte_review	57	0	0	0.238842587642123	0.516116740151421	57	0.514953353052089	0.589196947025268	0.690860821092028	0.640154065590227
GSE178318	gse178318_working_qc_sparse_matrix	COL17_PBMC		caf_ecm_review	795	0	0	0.0140695990517372	0	795	0	0	0.0140695990517372	0
GSE178318	gse178318_working_qc_sparse_matrix	COL17_PBMC		endothelial_review	68	0	0	0.146532236796616	0.199998866954582	68	0.407935158638739	0.48300681329865	0.46148051537411	0.544681691181407
GSE178318	gse178318_working_qc_sparse_matrix	COL17_PBMC		epithelial_review	15	0	0	0.126318838705391	0.205530090792012	15	0.428223267004577	0.449764046254519	0.425452969122062	0.51472444368594
GSE178318	gse178318_working_qc_sparse_matrix	COL17_PBMC		immune_review	5765	0.612151935108341	0.914249380732905	0.961661744643495	1.26462763094959	5765	0.652117960951663	0.961888640687349	1.00930127135007	1.30923054893832
GSE178318	gse178318_working_qc_sparse_matrix	COL17_PBMC		pericyte_review	36	0	0	0.197103692198927	0.513641584558242	36	0.45088038236084	0.510693067418482	0.495339452477132	0.551734453961095
GSE178318	gse178318_working_qc_sparse_matrix	COL18_CRC		caf_ecm_review	1692	0	0	0.220205201618653	0.17297269118987	1692	0	0	0.435064079336734	0.231892684515624
GSE178318	gse178318_working_qc_sparse_matrix	COL18_CRC		endothelial_review	236	0	0.10405920193138	0.238372774843402	0.269977924385922	236	0.160116752690276	0.253351401086099	0.435979752799642	0.540395127007746
GSE178318	gse178318_working_qc_sparse_matrix	COL18_CRC		epithelial_review	321	0	0.341387011625299	1.00090676131754	2.22226689648018	321	0.303898497362288	0.564140759787474	1.21943940596631	2.46797054415373
GSE178318	gse178318_working_qc_sparse_matrix	COL18_CRC		immune_review	5578	0.670456247269936	1.1125772598137	1.11268038556889	1.53107232276892	5578	0.774117214217047	1.2723155436149	1.23327134841024	1.65052175268385
GSE178318	gse178318_working_qc_sparse_matrix	COL18_CRC		pericyte_review	115	0.12962427437603	0.468447518696862	0.629864279371062	0.9511429173916	115	0.57092466543681	0.868003068819052	1.15092632350682	1.83294287657491
GSE178318	gse178318_working_qc_sparse_matrix	COL18_LM		caf_ecm_review	749	0	0	0.0888666902649733	0	749	0	0	0.148367738274497	0
GSE178318	gse178318_working_qc_sparse_matrix	COL18_LM		endothelial_review	105	0	0.179705191761802	0.333719591031059	0.616626688470433	105	0.433677036327876	0.602306310278476	0.660936044022259	0.755154116757511
GSE178318	gse178318_working_qc_sparse_matrix	COL18_LM		epithelial_review	466	0	0.60152883099189	1.14453626088761	2.47536449268806	466	0.605592682788175	0.730520273585627	1.51636818647773	2.74488833842493
GSE178318	gse178318_working_qc_sparse_matrix	COL18_LM		immune_review	8679	0.795461439863334	1.19685208839223	1.18738793416234	1.54684358647583	8679	0.891304187075788	1.34023605826379	1.29837867302221	1.62627745692128
GSE178318	gse178318_working_qc_sparse_matrix	COL18_LM		pericyte_review	65	0	0.38147246515323	0.444117498280819	0.643322266377226	65	0.61783403496451	0.861455814439546	1.03044247317187	1.29745384204695
GSE178318	gse178318_working_qc_sparse_matrix	COL18_PBMC		caf_ecm_review	683	0	0	0.0168655776735929	0	683	0	0	0.0189427719106206	0
GSE178318	gse178318_working_qc_sparse_matrix	COL18_PBMC		endothelial_review	109	0	0	0.183613096166968	0.473542510260374	109	0.497683805563232	0.530585034154806	0.537909973770824	0.573364624499443
GSE178318	gse178318_working_qc_sparse_matrix	COL18_PBMC		epithelial_review	11	0	0	0.110168272758758	0.105232542701648	11	0.405636772451359	0.4188418906814	0.414416512172823	0.464957498199344
GSE178318	gse178318_working_qc_sparse_matrix	COL18_PBMC		immune_review	6977	0.683149220007698	1.07109574634978	1.09263668162256	1.45847292262538	6977	0.742061959158473	1.16158965043474	1.17544390964746	1.5241201709429
GSE178318	gse178318_working_qc_sparse_matrix	COL18_PBMC		pericyte_review	59	0	0	0.168327003353497	0.497241768591361	59	0.483093001237652	0.516603336931894	0.50678196113223	0.548139653912077
GSE245552	gse245552_Pt01_T1_working_qc_sparse_matrix	Pt01_T1	primary tumor	caf_ecm_review	448	0	0	0.162859994503328	0	448	0	0	0.421970463119538	0
GSE245552	gse245552_Pt01_T1_working_qc_sparse_matrix	Pt01_T1	primary tumor	endothelial_review	176	0	0.169642873572807	0.280514361011622	0.313931331746985	176	0.189664815915899	0.286669244351793	0.473578399728963	0.525528467485275
GSE245552	gse245552_Pt01_T1_working_qc_sparse_matrix	Pt01_T1	primary tumor	epithelial_review	1560	1.77030763396455	2.23602389778201	2.09159710950295	2.62111940555281	1560	2.34580700636099	2.84230144468764	2.59573599752855	3.16459290926378
GSE245552	gse245552_Pt01_T1_working_qc_sparse_matrix	Pt01_T1	primary tumor	immune_review	1652	0.810081489609387	1.39605088072978	1.30406573389653	1.81143761650419	1652	0.98004625916141	1.68603037695496	1.4983326922694	1.98192788776622
GSE245552	gse245552_Pt01_T1_working_qc_sparse_matrix	Pt01_T1	primary tumor	pericyte_review	18	0.0144828666065955	1.09966245323167	0.977629222137396	1.45935991893782	18	0.629091383853175	2.73366107311033	2.08914811226691	2.98950599618257
GSE245552	gse245552_Pt01_T2_working_qc_sparse_matrix	Pt01_T2	liver metastasis	caf_ecm_review	322	0	0.0659969839668469	0.421419768987001	0.751998438606478	322	0	0.502465574041663	1.49769906121981	3.16449041248856
GSE245552	gse245552_Pt01_T2_working_qc_sparse_matrix	Pt01_T2	liver metastasis	endothelial_review	556	0.110811068252282	0.217088678192425	0.313494404537258	0.351072673968803	556	0.194504665186028	0.308646165487523	0.442943831029582	0.456087770661632
GSE245552	gse245552_Pt01_T2_working_qc_sparse_matrix	Pt01_T2	liver metastasis	epithelial_review	2788	1.72706820974473	2.22944706220693	2.16991667156218	2.73265357082813	2788	2.34082319114415	2.92076847078666	2.75685974086632	3.35194349493752
GSE245552	gse245552_Pt01_T2_working_qc_sparse_matrix	Pt01_T2	liver metastasis	immune_review	2249	0.961050786293865	1.35279008081514	1.28421507238305	1.63425931918999	2249	1.32850713260093	1.65593184160859	1.56950852820905	1.88972982440238
GSE245552	gse245552_Pt01_T2_working_qc_sparse_matrix	Pt01_T2	liver metastasis	pericyte_review	87	0.27790499848272	0.618773847075674	0.750644552078506	1.16458833086494	87	2.76047779416841	2.94940737428905	2.78949526224114	3.1673516161302
GSE245552	gse245552_Pt02_T1_working_qc_sparse_matrix	Pt02_T1	primary tumor	caf_ecm_review	579	0	0.9285647588467	0.871560995592608	1.41341614302713	579	0	2.53828441925466	1.90868427138542	2.95911589799717
GSE245552	gse245552_Pt02_T1_working_qc_sparse_matrix	Pt02_T1	primary tumor	endothelial_review	527	0.126767604443388	0.300322087805613	0.79026215021268	1.68282801095793	527	0.221076950146614	0.383296766064341	1.05662661147117	2.29094392683848
GSE245552	gse245552_Pt02_T1_working_qc_sparse_matrix	Pt02_T1	primary tumor	epithelial_review	1031	2.18049063335231	2.6613536820894	2.53209072866777	3.01838995343167	1031	2.75742024686986	3.03124735836965	2.92360508793525	3.28260891268104
GSE245552	gse245552_Pt02_T1_working_qc_sparse_matrix	Pt02_T1	primary tumor	immune_review	968	0.609019385931874	1.40586187227711	1.26330060339593	1.85304390796176	968	0.698192790010094	1.63739767794625	1.40362272902184	1.98176109519783
GSE245552	gse245552_Pt02_T1_working_qc_sparse_matrix	Pt02_T1	primary tumor	pericyte_review	164	1.00475880806427	1.47752632194135	1.35090302367232	1.80662186940508	164	2.95176131544456	3.19210948239365	2.90906860011412	3.41153887218665
GSE245552	gse245552_Pt02_T2_working_qc_sparse_matrix	Pt02_T2	liver metastasis	caf_ecm_review	145	0	0	0.452735968990427	0.939431292648179	145	0	0	1.23106710235198	3.04749490175335
GSE245552	gse245552_Pt02_T2_working_qc_sparse_matrix	Pt02_T2	liver metastasis	endothelial_review	129	0.205011108365315	0.976136439150185	0.883355119239503	1.45347899974839	129	0.612743811502055	1.44278630623973	1.36786728295771	2.06495171299278
GSE245552	gse245552_Pt02_T2_working_qc_sparse_matrix	Pt02_T2	liver metastasis	epithelial_review	2199	2.87385067816401	3.20459793770157	3.06268277050628	3.44718090425247	2199	3.12221948084634	3.37938678875495	3.25899276138813	3.55226361814212
GSE245552	gse245552_Pt02_T2_working_qc_sparse_matrix	Pt02_T2	liver metastasis	immune_review	3164	0.944926807869271	1.38564993528088	1.31927525379823	1.70614072488738	3164	1.25966583201856	1.58943283942221	1.52254261830894	1.83760968476864
GSE245552	gse245552_Pt02_T2_working_qc_sparse_matrix	Pt02_T2	liver metastasis	pericyte_review	332	0.964833913074593	1.33538845515581	1.31711805962726	1.73205090989327	332	2.72417004049622	3.0093434672721	2.92024675219871	3.24541546000336
GSE245552	gse245552_Pt03_T1_working_qc_sparse_matrix	Pt03_T1	primary tumor	caf_ecm_review	100	0	0	0.384405069102858	0.482834141612622	100	0	0	0.800617626637798	1.46672842899086
GSE245552	gse245552_Pt03_T1_working_qc_sparse_matrix	Pt03_T1	primary tumor	endothelial_review	69	0.120070486978063	0.223264602713048	0.35596764892697	0.410694323455894	69	0.226222784001052	0.363427404244302	0.536811909592066	0.531313285244731
GSE245552	gse245552_Pt03_T1_working_qc_sparse_matrix	Pt03_T1	primary tumor	epithelial_review	1515	2.65001760742396	2.96611449800343	2.86618292047166	3.23551352910105	1515	2.89308389888871	3.15691715839432	3.04777134137856	3.38376008878111
GSE245552	gse245552_Pt03_T1_working_qc_sparse_matrix	Pt03_T1	primary tumor	immune_review	525	0.861078384923429	1.25217521397012	1.27492183811419	1.78345491594223	525	1.06312892548695	1.5773101423429	1.48956193068211	1.87736289273076
GSE245552	gse245552_Pt03_T1_working_qc_sparse_matrix	Pt03_T1	primary tumor	pericyte_review	11	1.34787130788925	1.66052983822545	1.61598096453389	2.00130794510023	11	2.84454667231688	3.06345508180569	2.92976848606973	3.29691282887082
GSE245552	gse245552_Pt03_T2_working_qc_sparse_matrix	Pt03_T2	liver metastasis	caf_ecm_review	73	0	0.218078580838765	0.471174625482957	0.773706454367246	73	0	0.735188054672274	1.26656726968276	2.65411996448908
GSE245552	gse245552_Pt03_T2_working_qc_sparse_matrix	Pt03_T2	liver metastasis	endothelial_review	29	0	0.309837249591062	0.618968362157491	0.984252430381855	29	0.533617828818666	0.756706430581489	1.02892909534119	1.30130981437136
GSE245552	gse245552_Pt03_T2_working_qc_sparse_matrix	Pt03_T2	liver metastasis	epithelial_review	2197	2.84542904449043	3.15639000865537	3.06010123884975	3.395319094311	2197	2.9247163928279	3.21458963753992	3.12999974750158	3.44901155557097
GSE245552	gse245552_Pt03_T2_working_qc_sparse_matrix	Pt03_T2	liver metastasis	immune_review	906	0.687005444098595	1.00705818534725	1.07835732968868	1.43173490531863	906	1.06247054377458	1.42172904691154	1.40597480619473	1.73427288604209
GSE245552	gse245552_Pt03_T2_working_qc_sparse_matrix	Pt03_T2	liver metastasis	pericyte_review	13	0.782594213061101	1.09086444604817	1.08986896865716	1.61711633509948	13	2.17386733073892	2.65594126371754	2.44657133459253	3.13708864419286
GSE245552	gse245552_Pt04_T1_working_qc_sparse_matrix	Pt04_T1	primary tumor	caf_ecm_review	338	0	0	0.293603506537172	0.187587875840601	338	0	0	0.661179828874629	0.38928050115761
GSE245552	gse245552_Pt04_T1_working_qc_sparse_matrix	Pt04_T1	primary tumor	endothelial_review	301	0.0701659784776236	0.160170893862577	0.291069395203713	0.287874917891544	301	0.138629412488485	0.237444839502704	0.435049611354729	0.385933998809848
GSE245552	gse245552_Pt04_T1_working_qc_sparse_matrix	Pt04_T1	primary tumor	epithelial_review	421	2.40728088328621	3.1253231274227	2.62434097856392	3.41010167636027	421	2.70487638301076	3.32824666364062	2.80769875840362	3.5971895368193
GSE245552	gse245552_Pt04_T1_working_qc_sparse_matrix	Pt04_T1	primary tumor	immune_review	913	0.555365812280386	1.06456229602578	1.11629272535808	1.68179165865375	913	0.695520503995216	1.30979259031072	1.26335870601584	1.86509098681764
GSE245552	gse245552_Pt04_T1_working_qc_sparse_matrix	Pt04_T1	primary tumor	pericyte_review	24	0.147880850800829	0.390262201388379	0.589734324955209	1.06965370570435	24	0.405821789122823	2.30018336610821	1.84523716683536	2.8486838985396
GSE245552	gse245552_Pt04_T2_working_qc_sparse_matrix	Pt04_T2	liver metastasis	caf_ecm_review	219	0.419893151766928	1.03963342381185	0.938045114169799	1.3931794153777	219	2.35343724718409	3.04965813796878	2.6611819630366	3.43920534294725
GSE245552	gse245552_Pt04_T2_working_qc_sparse_matrix	Pt04_T2	liver metastasis	endothelial_review	18	0.0499087753333352	0.232072201266741	0.414185167546454	0.468308025290759	18	0.364835439891572	0.517671329936674	0.750219914153759	0.699497804553299
GSE245552	gse245552_Pt04_T2_working_qc_sparse_matrix	Pt04_T2	liver metastasis	epithelial_review	2796	2.9081714379546	3.27548923164914	3.15945327278864	3.52375646317119	2796	3.03756479547426	3.39124458448764	3.26646732939726	3.61422332045743
GSE245552	gse245552_Pt04_T2_working_qc_sparse_matrix	Pt04_T2	liver metastasis	immune_review	332	0.588275043021984	0.880403524580567	0.925991593261508	1.25743671378768	332	0.912786844111561	1.21139047330289	1.20059710109686	1.48499635555803
GSE245552	gse245552_Pt04_T2_working_qc_sparse_matrix	Pt04_T2	liver metastasis	pericyte_review	24	0.158942071543257	0.365582461224861	0.427388686469788	0.59542661744255	24	1.94032215873608	2.28798275989006	2.23374854243908	2.68591551991388
GSE245552	gse245552_Pt05_T1_working_qc_sparse_matrix	Pt05_T1	primary tumor	caf_ecm_review	102	0	0	0.070148135328268	0	102	0	0	0.118747484196676	0
GSE245552	gse245552_Pt05_T1_working_qc_sparse_matrix	Pt05_T1	primary tumor	endothelial_review	165	0	0.0999183344047087	0.261058063843693	0.323323608089741	165	0.627714387980569	0.767018840636701	0.824216243004384	0.983793823399604
GSE245552	gse245552_Pt05_T1_working_qc_sparse_matrix	Pt05_T1	primary tumor	epithelial_review	830	2.86503148084014	3.18279118259894	2.90060082195381	3.41036924060727	830	2.97157811259683	3.28374422349592	3.03926345923909	3.50128900635111
GSE245552	gse245552_Pt05_T1_working_qc_sparse_matrix	Pt05_T1	primary tumor	immune_review	872	0.562794485046948	0.997614854788395	1.04616495978195	1.52109189730689	872	0.941648606460738	1.27318705517111	1.34518671209271	1.79557282299635
GSE245552	gse245552_Pt05_T1_working_qc_sparse_matrix	Pt05_T1	primary tumor	pericyte_review	2	0.0431250201545738	0.0862500403091477	0.0862500403091477	0.129375060463721	2	0.227599892323995	0.33508556112249	0.33508556112249	0.442571229920986
GSE245552	gse245552_Pt05_T2_working_qc_sparse_matrix	Pt05_T2	liver metastasis	caf_ecm_review	209	0	0	0.130485860144079	0	209	0	0	0.308629875928512	0
GSE245552	gse245552_Pt05_T2_working_qc_sparse_matrix	Pt05_T2	liver metastasis	endothelial_review	218	0	0.1976633346423	0.364315413721171	0.493130289783322	218	0.273304177109911	0.657390370307091	0.678391831202672	0.805039897820278
GSE245552	gse245552_Pt05_T2_working_qc_sparse_matrix	Pt05_T2	liver metastasis	epithelial_review	322	1.60443170341003	2.54893206859361	2.15381774235682	2.9413628472515	322	1.71859049992739	2.62084532138871	2.32106013853265	3.00877360253012
GSE245552	gse245552_Pt05_T2_working_qc_sparse_matrix	Pt05_T2	liver metastasis	immune_review	2625	0.830190228445973	1.27752031704612	1.25596865460776	1.68746368073003	2625	0.970944235004453	1.51074607654556	1.42865475469683	1.82638493963068
GSE245552	gse245552_Pt05_T2_working_qc_sparse_matrix	Pt05_T2	liver metastasis	pericyte_review	19	0.258825004929838	0.707867808779656	0.783228148272447	1.22517755854068	19	2.51599212610103	2.97471365413479	2.69695316313984	3.22600382287514
GSE245552	gse245552_Pt05_T3_working_qc_sparse_matrix	Pt05_T3	liver metastasis	caf_ecm_review	15	0	0	0.00691875152219104	0	15	0	0	0.00691875152219104	0
GSE245552	gse245552_Pt05_T3_working_qc_sparse_matrix	Pt05_T3	liver metastasis	endothelial_review	46	0.0302996825043351	0.14143186668127	0.254138513095185	0.265459462504063	46	0.190057506382739	0.266668017842589	0.436595151982037	0.449882245667958
GSE245552	gse245552_Pt05_T3_working_qc_sparse_matrix	Pt05_T3	liver metastasis	epithelial_review	8	0.034038743791613	0.338942610431681	1.07064282360535	1.7812968246016	8	0.287671438230463	0.569233999619022	1.28987709325357	2.17398406677824
GSE245552	gse245552_Pt05_T3_working_qc_sparse_matrix	Pt05_T3	liver metastasis	immune_review	2866	1.62969714091174	1.98226430243082	1.92087536131443	2.28654053052251	2866	1.90326971062344	2.17982460805779	2.12515978339536	2.45128729295686
GSE245552	gse245552_Pt05_T3_working_qc_sparse_matrix	Pt05_T3	liver metastasis	pericyte_review	1	0.82890150795994	0.82890150795994	0.82890150795994	0.82890150795994	1	2.25904547261625	2.25904547261625	2.25904547261625	2.25904547261625
GSE245552	gse245552_Pt06_T1_working_qc_sparse_matrix	Pt06_T1	primary tumor	caf_ecm_review	80	0.178202058790533	1.05244929113749	1.00997681581098	1.5183481469929	80	0.220017489696731	2.58007244698029	2.07005995514543	3.00106412661581
GSE245552	gse245552_Pt06_T1_working_qc_sparse_matrix	Pt06_T1	primary tumor	endothelial_review	32	0.108810717167232	0.212427587144757	0.792318267683922	1.57517837412061	32	0.153157617920431	0.21955174757379	0.987193210867751	2.43708804240645
GSE245552	gse245552_Pt06_T1_working_qc_sparse_matrix	Pt06_T1	primary tumor	epithelial_review	416	1.89066908308534	2.26063819130262	2.20074162480797	2.6619821045534	416	2.3037388247082	2.8096092544998	2.63000696889083	3.13041491478511
GSE245552	gse245552_Pt06_T1_working_qc_sparse_matrix	Pt06_T1	primary tumor	immune_review	196	0.922987859091707	1.39237464866386	1.33652788922199	1.78203199370205	196	1.03706317755046	1.66602183363041	1.48844275000273	1.95171443387571
GSE245552	gse245552_Pt06_T1_working_qc_sparse_matrix	Pt06_T1	primary tumor	pericyte_review	9	0.737293462127324	1.26228812872693	1.19511991500096	1.84576271477219	9	3.18130551937652	3.45939707480218	3.1028703941108	3.59591262567431
GSE245552	gse245552_Pt06_T2_working_qc_sparse_matrix	Pt06_T2	liver metastasis	caf_ecm_review	173	0.657375290286856	1.33335351157533	1.17241234106297	1.7013545512803	173	2.84342471890548	3.49423898580417	2.96269407680116	3.7770753776294
GSE245552	gse245552_Pt06_T2_working_qc_sparse_matrix	Pt06_T2	liver metastasis	endothelial_review	68	0.190617772946378	0.4093638965772	0.612240680406116	0.804653288255216	68	0.337241753308854	0.549790089008509	0.849866906157934	1.06136981600781
GSE245552	gse245552_Pt06_T2_working_qc_sparse_matrix	Pt06_T2	liver metastasis	epithelial_review	92	1.13215317670489	1.70359495636059	1.66395726756718	2.10536823252209	92	1.99691038302505	2.82774595464096	2.59695493507098	3.33896140715757
GSE245552	gse245552_Pt06_T2_working_qc_sparse_matrix	Pt06_T2	liver metastasis	immune_review	925	0.769390235581465	1.13379017658543	1.11311318660806	1.47456027121784	925	1.17816665425119	1.47557157342728	1.44449347628966	1.71974852372599
GSE245552	gse245552_Pt06_T2_working_qc_sparse_matrix	Pt06_T2	liver metastasis	pericyte_review	46	0.747538108307383	1.10656125148353	1.17103042136211	1.49713147060044	46	2.75264097900124	3.07305068436164	3.03480498260725	3.33930438612687
GSE245552	gse245552_Pt06_T3_working_qc_sparse_matrix	Pt06_T3	liver metastasis	caf_ecm_review	944	0.0958950605364771	0.948284540056474	0.88356337102877	1.46228388609716	944	0.41411133734397	3.08706012253837	2.27109153254565	3.66374170098571
GSE245552	gse245552_Pt06_T3_working_qc_sparse_matrix	Pt06_T3	liver metastasis	endothelial_review	328	0	0.214156678011547	0.352260763218396	0.494309457781025	328	0.364091372289943	0.556494857079647	0.72782936664927	0.788562937654476
GSE245552	gse245552_Pt06_T3_working_qc_sparse_matrix	Pt06_T3	liver metastasis	epithelial_review	997	1.66945485244129	2.08304897128385	2.02298728116415	2.51810017599023	997	2.52025154019315	2.99589847949381	2.79010971260314	3.33901350294314
GSE245552	gse245552_Pt06_T3_working_qc_sparse_matrix	Pt06_T3	liver metastasis	immune_review	4183	0.577908953427109	0.9078624122704	0.950013075702066	1.28907223105273	4183	0.952126499661927	1.28027839599524	1.29523005681878	1.62407847877661
GSE245552	gse245552_Pt06_T3_working_qc_sparse_matrix	Pt06_T3	liver metastasis	pericyte_review	82	0.343280611103585	0.667298622330728	0.703434450295271	1.0329846958563	82	2.51426638715819	2.89913801770979	2.6742462236759	3.09835836332979
GSE245552	gse245552_Pt07_T1_working_qc_sparse_matrix	Pt07_T1	primary tumor	caf_ecm_review	667	0	0	0.148908777276173	0	667	0	0	0.344052248750687	0
GSE245552	gse245552_Pt07_T1_working_qc_sparse_matrix	Pt07_T1	primary tumor	endothelial_review	333	0.12839373574417	0.277521497045623	0.589399277882408	0.587324906965536	333	0.224749328548814	0.346324844164242	0.801815971126867	0.703399518006263
GSE245552	gse245552_Pt07_T1_working_qc_sparse_matrix	Pt07_T1	primary tumor	epithelial_review	558	0.777484261169652	2.85011862524157	2.24148890736037	3.20495015319397	558	1.67701198712572	3.03209540646332	2.4742958021211	3.35090424829806
GSE245552	gse245552_Pt07_T1_working_qc_sparse_matrix	Pt07_T1	primary tumor	immune_review	2045	0.736468550159075	1.15997162820936	1.24016750743045	1.78303736866372	2045	0.842532764787559	1.46009660116544	1.3692221099007	1.92441366737282
GSE245552	gse245552_Pt07_T1_working_qc_sparse_matrix	Pt07_T1	primary tumor	pericyte_review	181	0.865913406941536	1.59854827855622	1.42560520243285	1.91869264249624	181	2.58244384635145	3.18295021456968	2.82537681902542	3.48787099451881
GSE245552	gse245552_Pt07_T2_working_qc_sparse_matrix	Pt07_T2	liver metastasis	caf_ecm_review	52	0	0	0.243788970574422	0.0201513293367663	52	0	0	0.47926700199969	0.267396858153751
GSE245552	gse245552_Pt07_T2_working_qc_sparse_matrix	Pt07_T2	liver metastasis	endothelial_review	36	0	0.0995953137621879	0.216693396994816	0.302444855355438	36	0.622811947361957	0.647240818960598	0.692613652295956	0.773047165748741
GSE245552	gse245552_Pt07_T2_working_qc_sparse_matrix	Pt07_T2	liver metastasis	epithelial_review	815	2.89535946468283	3.21848035136242	3.10889306787797	3.4834677157636	815	3.15662845416555	3.4465276271607	3.34543992307122	3.68541367539835
GSE245552	gse245552_Pt07_T2_working_qc_sparse_matrix	Pt07_T2	liver metastasis	immune_review	1851	0.981750742022127	1.36336063743102	1.34192808792196	1.72823682478365	1851	1.29420483658603	1.65133227116805	1.59542004103902	1.91685656056055
GSE245552	gse245552_Pt07_T2_working_qc_sparse_matrix	Pt07_T2	liver metastasis	pericyte_review	4	0	0.0149929287339654	0.142017736382245	0.15701066511621	4	0.728546948935701	0.914762221106791	1.22839585302543	1.41461112519652
GSE245552	gse245552_Pt08_T1_working_qc_sparse_matrix	Pt08_T1	primary tumor	caf_ecm_review	581	0	0.0068993335077463	0.529939935935854	1.1218491726306	581	0	0.0558775324396896	1.23680135112568	2.75007577585872
GSE245552	gse245552_Pt08_T1_working_qc_sparse_matrix	Pt08_T1	primary tumor	endothelial_review	1000	0.113684822278418	0.221101229175842	0.390499973636951	0.37921751634549	1000	0.180713408649155	0.287753739955007	0.532452037374846	0.443789994166716
GSE245552	gse245552_Pt08_T1_working_qc_sparse_matrix	Pt08_T1	primary tumor	epithelial_review	565	1.78061231537781	2.22177921952897	2.04040199011162	2.52394279041124	565	1.99384429230886	2.38453384323287	2.21939738332111	2.68310169929484
GSE245552	gse245552_Pt08_T1_working_qc_sparse_matrix	Pt08_T1	primary tumor	immune_review	4680	1.23902555982698	1.69510357303508	1.56768491494454	1.97274803322017	4680	1.45831473043267	1.79486078031116	1.67871123580258	2.05066085990604
GSE245552	gse245552_Pt08_T1_working_qc_sparse_matrix	Pt08_T1	primary tumor	pericyte_review	167	1.19333220444343	1.87293116574837	1.63289334548993	2.20640316274292	167	3.20866877332638	3.49329607630029	3.15731748275606	3.80598313439701
GSE245552	gse245552_Pt08_T2_working_qc_sparse_matrix	Pt08_T2	primary tumor	caf_ecm_review	298	0	0.220154599362898	0.67910052276514	1.29783785499417	298	0	1.59776947781583	1.46963685411371	2.8726995327457
GSE245552	gse245552_Pt08_T2_working_qc_sparse_matrix	Pt08_T2	primary tumor	endothelial_review	480	0.112075071726294	0.221100987795903	0.47483931831389	0.402193708161798	480	0.188428923499731	0.290375740858433	0.651172144028571	0.469865421287041
GSE245552	gse245552_Pt08_T2_working_qc_sparse_matrix	Pt08_T2	primary tumor	epithelial_review	386	1.66038956310695	2.0486746285666	1.9223267706753	2.40622820661783	386	2.58782646216592	2.92661291091477	2.70926304650695	3.20338171861504
GSE245552	gse245552_Pt08_T2_working_qc_sparse_matrix	Pt08_T2	primary tumor	immune_review	2105	1.34616203269998	1.78924165081617	1.63498875540607	2.0669022722941	2105	1.58985022607312	1.92323203189107	1.76539748703766	2.14778858551504
GSE245552	gse245552_Pt08_T2_working_qc_sparse_matrix	Pt08_T2	primary tumor	pericyte_review	49	1.04015929734352	1.41038666461125	1.49284952454372	1.98078570185648	49	2.93487439114099	3.46503192915035	3.09411192380296	3.61218232273382
GSE245552	gse245552_Pt08_T3_working_qc_sparse_matrix	Pt08_T3	liver metastasis	caf_ecm_review	177	0	0.0755544962928929	0.523996556542995	0.980379365078577	177	0	0.364906728622018	1.42135304059069	3.03399440863595
GSE245552	gse245552_Pt08_T3_working_qc_sparse_matrix	Pt08_T3	liver metastasis	endothelial_review	80	0.161093124485353	0.338024391403845	0.536547659305165	0.667406908510728	80	0.328513865751393	0.453733849785852	0.78507333051278	0.764327081404096
GSE245552	gse245552_Pt08_T3_working_qc_sparse_matrix	Pt08_T3	liver metastasis	epithelial_review	2386	1.6627462878783	2.01472119185061	1.97098763544279	2.35081298098201	2386	2.43833031807602	2.76419161910482	2.67783400627791	3.03964537839016
GSE245552	gse245552_Pt08_T3_working_qc_sparse_matrix	Pt08_T3	liver metastasis	immune_review	1576	1.08950442821841	1.47704209840245	1.46553096126011	1.84881237717242	1576	1.41303539311297	1.78317266821841	1.74247816291256	2.1220382444537
GSE245552	gse245552_Pt08_T3_working_qc_sparse_matrix	Pt08_T3	liver metastasis	pericyte_review	43	0.429504639154215	0.961218138191301	1.0883396721379	1.59327987532269	43	2.05264727126662	2.50420163740259	2.42013580435943	2.8569120101937
GSE245552	gse245552_Pt08_T4_working_qc_sparse_matrix	Pt08_T4	liver metastasis	caf_ecm_review	44	0	0	0.203726512417619	0	44	0	0	0.485195849291074	0.0200754490644214
GSE245552	gse245552_Pt08_T4_working_qc_sparse_matrix	Pt08_T4	liver metastasis	endothelial_review	105	0.121653932576553	0.260806359345508	0.419208116006553	0.610916148156397	105	0.245490630549256	0.461113051543298	0.697016953663039	0.859761283841177
GSE245552	gse245552_Pt08_T4_working_qc_sparse_matrix	Pt08_T4	liver metastasis	epithelial_review	3011	2.11761785925817	2.64267596256037	2.49482249635495	3.0096838295746	3011	2.49434227049483	3.11527760991795	2.91115742868777	3.46648849723368
GSE245552	gse245552_Pt08_T4_working_qc_sparse_matrix	Pt08_T4	liver metastasis	immune_review	927	0.897014631465432	1.24732189379587	1.22770284459337	1.58197525848262	927	1.27937209109509	1.62510460657488	1.57568079132358	1.89055517097505
GSE245552	gse245552_Pt08_T4_working_qc_sparse_matrix	Pt08_T4	liver metastasis	pericyte_review	9	0.387186078054993	1.00713886568183	1.11025281560506	2.08569361950865	9	1.10269964339184	2.85890695466532	2.39674060460065	3.16084141928498
GSE245552	gse245552_Pt09_T1_working_qc_sparse_matrix	Pt09_T1	primary tumor	caf_ecm_review	888	0	0.0616545124260723	0.433170391859127	0.8124706458553	888	0	0.127088552520432	1.14473237709626	2.40684311297224
GSE245552	gse245552_Pt09_T1_working_qc_sparse_matrix	Pt09_T1	primary tumor	endothelial_review	630	0.0720218151751692	0.164622163617487	0.265932661594767	0.294030877070819	630	0.169113811793229	0.258231069057427	0.393612882206953	0.371059063797605
GSE245552	gse245552_Pt09_T1_working_qc_sparse_matrix	Pt09_T1	primary tumor	epithelial_review	419	0.108309060205863	0.296255612076178	0.944111183542382	2.19624517756444	419	0.217253953348926	0.617985376035122	1.25735418375185	2.75827055123015
GSE245552	gse245552_Pt09_T1_working_qc_sparse_matrix	Pt09_T1	primary tumor	immune_review	2538	0.694133443788869	1.22743879274302	1.21530152359952	1.7718978365272	2538	0.902372563326387	1.65025995603113	1.43716171596667	1.96440838975456
GSE245552	gse245552_Pt09_T1_working_qc_sparse_matrix	Pt09_T1	primary tumor	pericyte_review	58	0.15206454815454	1.07764581671998	0.962607572263559	1.50504905186649	58	0.75311568677071	2.62085198989614	2.13182465431901	3.17606462599301
GSE245552	gse245552_Pt10_T1_working_qc_sparse_matrix	Pt10_T1	primary tumor	caf_ecm_review	1435	0	0	0.00933170735833339	0	1435	0	0	0.0132870332177744	0
GSE245552	gse245552_Pt10_T1_working_qc_sparse_matrix	Pt10_T1	primary tumor	endothelial_review	642	0.0759738239612253	0.162218814602007	0.188234446805551	0.27147245405786	642	0.154323173700257	0.226879187174546	0.272735107909904	0.333689738648674
GSE245552	gse245552_Pt10_T1_working_qc_sparse_matrix	Pt10_T1	primary tumor	epithelial_review	957	0.322279779549069	1.31096351456904	1.2436305417111	1.92990164354487	957	0.618602773817578	2.09117405997847	1.81513782228635	2.73945879567599
GSE245552	gse245552_Pt10_T1_working_qc_sparse_matrix	Pt10_T1	primary tumor	immune_review	3688	0.558767148132824	1.06688337697446	1.10317421297946	1.65925130688471	3688	0.630686214028487	1.2247967461661	1.19439293956332	1.74328463754184
GSE245552	gse245552_Pt10_T1_working_qc_sparse_matrix	Pt10_T1	primary tumor	pericyte_review	26	0	0.11925360700532	0.27261416293207	0.309401593420055	26	0.184670264409639	0.27285703321373	0.503133115738656	0.664769480971595
GSE245552	gse245552_Pt10_T2_working_qc_sparse_matrix	Pt10_T2	liver metastasis	caf_ecm_review	520	0	0	0.466691418511323	0.882316290102721	520	0	0	1.08551014772715	2.63263350789781
GSE245552	gse245552_Pt10_T2_working_qc_sparse_matrix	Pt10_T2	liver metastasis	endothelial_review	160	0.132580679434957	0.310024802834267	0.545206664592399	0.736950266605114	160	0.339903068774119	0.617022721075004	0.873633414831821	1.16736248155874
GSE245552	gse245552_Pt10_T2_working_qc_sparse_matrix	Pt10_T2	liver metastasis	epithelial_review	168	0	0.183509224308334	0.35081427027648	0.645852465841749	168	0.553742058838999	0.663224890364689	0.793062331294682	0.785770497413675
GSE245552	gse245552_Pt10_T2_working_qc_sparse_matrix	Pt10_T2	liver metastasis	immune_review	6445	0.867109244481359	1.25479901404868	1.22653389376233	1.57526775218015	6445	1.08711411629516	1.48080397614997	1.42716990045666	1.75586807474633
GSE245552	gse245552_Pt10_T2_working_qc_sparse_matrix	Pt10_T2	liver metastasis	pericyte_review	52	0.123227949706707	0.482164779691085	0.735554239198573	1.38418324391637	52	0.777214015771811	2.21189366853699	1.90260227265284	2.87583559249405
GSE245552	gse245552_Pt11_T1_working_qc_sparse_matrix	Pt11_T1	primary tumor	caf_ecm_review	580	0	0	0.397468697324076	0.299395148664506	580	0	0	0.753838493219897	0.395338372791761
GSE245552	gse245552_Pt11_T1_working_qc_sparse_matrix	Pt11_T1	primary tumor	endothelial_review	591	0.0798587195203814	0.1825135941113	0.385136781659766	0.349649569862383	591	0.14628776009261	0.26471706170106	0.581278143869732	0.461765159729602
GSE245552	gse245552_Pt11_T1_working_qc_sparse_matrix	Pt11_T1	primary tumor	epithelial_review	2555	1.99831911362888	2.52786559327532	2.33458834479261	2.87231659163206	2555	2.25028175804756	2.80583364477319	2.5719112543904	3.12533651571668
GSE245552	gse245552_Pt11_T1_working_qc_sparse_matrix	Pt11_T1	primary tumor	immune_review	2219	0.739174482561379	1.24608348373656	1.23918084961489	1.77668684171637	2219	0.922426841404488	1.5474561260444	1.42453144007269	1.93220502814287
GSE245552	gse245552_Pt11_T1_working_qc_sparse_matrix	Pt11_T1	primary tumor	pericyte_review	78	0.356130446160487	0.888197647911211	0.910268534332206	1.46617524012165	78	2.05929172104495	3.04271845394591	2.50907609545405	3.39876744464803
GSE245552	gse245552_Pt11_T2_working_qc_sparse_matrix	Pt11_T2	liver metastasis	caf_ecm_review	117	0	0.34962798942855	0.720064156788322	1.25910490108642	117	0	2.65583580627468	1.85407585595444	3.50815743646303
GSE245552	gse245552_Pt11_T2_working_qc_sparse_matrix	Pt11_T2	liver metastasis	endothelial_review	93	0.108282169101491	0.186157254577561	0.298588800202381	0.349002425491774	93	0.175595445608585	0.33301747841152	0.496890903935644	0.546943031502559
GSE245552	gse245552_Pt11_T2_working_qc_sparse_matrix	Pt11_T2	liver metastasis	epithelial_review	609	2.02897425775206	2.55801344121471	2.41501027481953	2.91743725420152	609	2.33873987959146	2.78844599467934	2.65714410400727	3.12913266236212
GSE245552	gse245552_Pt11_T2_working_qc_sparse_matrix	Pt11_T2	liver metastasis	immune_review	4114	1.44171788241974	1.83230360128456	1.74369119096581	2.13273410564596	4114	1.6736744650271	1.97976584932215	1.89417754296683	2.22249240149411
GSE245552	gse245552_Pt11_T2_working_qc_sparse_matrix	Pt11_T2	liver metastasis	pericyte_review	37	0.494806303235987	0.84633163119243	0.785843061226343	1.1369656993923	37	2.96973332727721	3.38596059986956	3.15784960227764	3.5380004099594
GSE245552	gse245552_Pt13_T1_working_qc_sparse_matrix	Pt13_T1	primary tumor	caf_ecm_review	341	0	0	0.0535187887161446	0	341	0	0	0.110955325822617	0
GSE245552	gse245552_Pt13_T1_working_qc_sparse_matrix	Pt13_T1	primary tumor	endothelial_review	428	0.0752976184178805	0.162561643573308	0.214451111801237	0.267374347832852	428	0.141914903872899	0.22370634135941	0.294499283666867	0.348458436777409
GSE245552	gse245552_Pt13_T1_working_qc_sparse_matrix	Pt13_T1	primary tumor	epithelial_review	514	0.869307757900616	1.72531060037601	1.583270125563	2.22496083267966	514	1.00415603098807	1.93129918571188	1.76434533814013	2.43944121744568
GSE245552	gse245552_Pt13_T1_working_qc_sparse_matrix	Pt13_T1	primary tumor	immune_review	2104	1.02444753828846	1.45907766612114	1.35323594361261	1.73444387639721	2104	1.16010694113073	1.55496022777723	1.44143422117765	1.81359306207132
GSE245552	gse245552_Pt13_T1_working_qc_sparse_matrix	Pt13_T1	primary tumor	pericyte_review	28	0	0.61072184769771	0.756848180919671	1.64233749057895	28	0.414038466050289	1.67274836372382	1.77443587187078	3.22897245684687
GSE245552	gse245552_Pt13_Z1_working_qc_sparse_matrix	Pt13_Z1	colon adjacent tissue	caf_ecm_review	1918	0	0	0.0162027469418963	0	1918	0	0	0.0347194800118232	0
GSE245552	gse245552_Pt13_Z1_working_qc_sparse_matrix	Pt13_Z1	colon adjacent tissue	endothelial_review	514	0.066629181388885	0.156340514751564	0.201813371402533	0.26196753608089	514	0.139258191559508	0.198391087772858	0.265645611329121	0.307703387995873
GSE245552	gse245552_Pt13_Z1_working_qc_sparse_matrix	Pt13_Z1	colon adjacent tissue	epithelial_review	2460	1.07552154726423	1.86869881952903	1.75934195719012	2.45462996584896	2460	1.11361748636246	1.91629637700909	1.79808506654743	2.47804061611959
GSE245552	gse245552_Pt13_Z1_working_qc_sparse_matrix	Pt13_Z1	colon adjacent tissue	immune_review	619	0.188762881475202	0.586792757466421	0.779376329822536	1.38659684630433	619	0.21230783652771	0.623033157517902	0.858156206208417	1.54165098311666
GSE245552	gse245552_Pt13_Z1_working_qc_sparse_matrix	Pt13_Z1	colon adjacent tissue	pericyte_review	36	0.132499487764116	0.646408791305791	0.768580513168362	1.28794315229353	36	0.196120123649452	1.31240969055549	1.2571106643479	2.02967364712664
GSE245552	gse245552_Pt15_T1_working_qc_sparse_matrix	Pt15_T1	primary tumor	caf_ecm_review	2207	0.123703875975141	0.677899387896224	0.754910757615834	1.27996687731034	2207	1.04430872176138	2.44142205947887	1.98717715475336	2.87516378955832
GSE245552	gse245552_Pt15_T1_working_qc_sparse_matrix	Pt15_T1	primary tumor	endothelial_review	844	0.751552000515172	1.60757572734659	1.45400196706875	2.06599481187517	844	1.64046670344965	2.29107255727032	2.06866617278323	2.7479924652803
GSE245552	gse245552_Pt15_T1_working_qc_sparse_matrix	Pt15_T1	primary tumor	epithelial_review	975	0.224862054308123	0.774393943161956	1.56704693561308	3.2517311373984	975	0.730165825917823	1.4586887824648	1.89682972454045	3.34123653897127
GSE245552	gse245552_Pt15_T1_working_qc_sparse_matrix	Pt15_T1	primary tumor	immune_review	3528	0.712954325090561	1.07247898397386	1.1148710877576	1.56714850985553	3528	0.930613358298787	1.48020719603255	1.38370889578225	1.80302968185881
GSE245552	gse245552_Pt15_T1_working_qc_sparse_matrix	Pt15_T1	primary tumor	pericyte_review	801	0.652639990089672	1.21682812322029	1.19313324112194	1.73582534091301	801	2.10611625115597	2.79682881768954	2.55911361382481	3.185727198151
GSE245552	gse245552_Pt15_T2_working_qc_sparse_matrix	Pt15_T2	liver metastasis	caf_ecm_review	15	0	0.106981752035048	0.246897954336899	0.249224755389721	15	0.170397822704321	0.561195001905008	0.906683486368325	0.845898488719508
GSE245552	gse245552_Pt15_T2_working_qc_sparse_matrix	Pt15_T2	liver metastasis	endothelial_review	44	0.0941986117740874	0.274631554744213	0.523438831567414	0.883491892872629	44	0.255978897978646	0.535961938038647	1.01678310619713	1.9636469218004
GSE245552	gse245552_Pt15_T2_working_qc_sparse_matrix	Pt15_T2	liver metastasis	epithelial_review	4324	2.46258306249331	3.07879333211943	2.83415102362953	3.41957170027481	4324	2.67785005203224	3.22328208417622	3.0207175553544	3.54042435501723
GSE245552	gse245552_Pt15_T2_working_qc_sparse_matrix	Pt15_T2	liver metastasis	immune_review	293	0.356704316846331	0.776699380776474	0.768002953977778	1.09687302181361	293	1.13767079619369	1.46975770977897	1.43771636133038	1.7284562329868
GSE245552	gse245552_Pt15_T2_working_qc_sparse_matrix	Pt15_T2	liver metastasis	pericyte_review	22	0.351923455448368	0.742431258452806	0.882887294177146	1.43157940759665	22	1.8122258127882	2.31649250290501	2.29140409542466	2.79654168560242
GSE245552	gse245552_Pt15_Z1_working_qc_sparse_matrix	Pt15_Z1	colon adjacent tissue	caf_ecm_review	55	0	0	0.0274999098807815	0	55	0	0	0.0478025374416256	0
GSE245552	gse245552_Pt15_Z1_working_qc_sparse_matrix	Pt15_Z1	colon adjacent tissue	endothelial_review	32	0.380479590312122	1.03529603411778	1.07327660856778	1.77266411313597	32	0.781994110721522	1.59239137940958	1.39679927826215	1.91497446431481
GSE245552	gse245552_Pt15_Z1_working_qc_sparse_matrix	Pt15_Z1	colon adjacent tissue	epithelial_review	4244	2.05584283360648	2.4841747334492	2.36993819889789	2.80053565340156	4244	2.13481296326637	2.58387381973837	2.47560776239838	2.91962503101537
GSE245552	gse245552_Pt15_Z1_working_qc_sparse_matrix	Pt15_Z1	colon adjacent tissue	immune_review	831	0.807158300951972	1.23269629510837	1.20888448473095	1.62777620669616	831	1.02808327232936	1.51821275624085	1.42060000783014	1.75542495022541
GSE245552	gse245552_Pt15_Z1_working_qc_sparse_matrix	Pt15_Z1	colon adjacent tissue	pericyte_review	8	0.625523413745047	1.19097535370878	1.05503920132844	1.40515508030508	8	1.47564803369059	1.99920178093345	1.84475057545019	2.24573655508292
GSE245552	gse245552_Pt16_T1_working_qc_sparse_matrix	Pt16_T1	liver metastasis	caf_ecm_review	12	0	0	0.26931461002155	0.0388713454528633	12	0	0	0.42306625979848	0.100280407947783
GSE245552	gse245552_Pt16_T1_working_qc_sparse_matrix	Pt16_T1	liver metastasis	endothelial_review	5	0.0369688557821678	0.141969971432216	0.164144300021564	0.216042866315383	5	0.283166911946107	0.287615996741502	0.350993205702957	0.425739806578053
GSE245552	gse245552_Pt16_T1_working_qc_sparse_matrix	Pt16_T1	liver metastasis	epithelial_review	27	2.32470921293022	2.74573277321668	2.64707683557353	3.1907859533769	27	2.39602171904637	2.74573277321668	2.75566313965963	3.22714873301776
GSE245552	gse245552_Pt16_T1_working_qc_sparse_matrix	Pt16_T1	liver metastasis	immune_review	302	0.845632977244693	1.12592107235342	1.16655895319723	1.51169224936915	302	0.968247526985665	1.32065913759035	1.31036379683971	1.64930764601161
GSE245552	gse245552_Pt16_T1_working_qc_sparse_matrix	Pt16_T1	liver metastasis	pericyte_review	1	0	0	0	0	1	0.632808156174592	0.632808156174592	0.632808156174592	0.632808156174592
GSE245552	gse245552_Pt16_Z1_working_qc_sparse_matrix	Pt16_Z1	liver adjacent tissue	caf_ecm_review	11	0	0	0	0	11	0	0	0	0
GSE245552	gse245552_Pt16_Z1_working_qc_sparse_matrix	Pt16_Z1	liver adjacent tissue	endothelial_review	11	0.768180346127946	1.0191941342487	1.02252328598178	1.34294606806506	11	1.14089062121483	1.36942515881549	1.38846443118423	1.68057360771819
GSE245552	gse245552_Pt16_Z1_working_qc_sparse_matrix	Pt16_Z1	liver adjacent tissue	epithelial_review	22	0.73261376435909	1.71054260930501	1.59604164934745	2.14027676598247	22	1.4935068270426	2.04617781551201	1.99988098290832	2.42945887658702
GSE245552	gse245552_Pt16_Z1_working_qc_sparse_matrix	Pt16_Z1	liver adjacent tissue	immune_review	200	0.746983749288804	1.09593715869585	1.15723697160182	1.52356088256071	200	0.992639794389353	1.27346659077011	1.35666516047563	1.6924280243772
GSE245552	gse245552_Pt16_Z1_working_qc_sparse_matrix	Pt16_Z1	liver adjacent tissue	pericyte_review	11	0.339760093704966	0.73576599880089	1.06467241807367	1.89580324031231	11	1.02138733654434	1.80651427497902	1.8437594231378	2.65646904894669
GSE245552	gse245552_Pt17_T1_working_qc_sparse_matrix	Pt17_T1	primary tumor	caf_ecm_review	251	0	0.104291772802837	0.474835135075988	0.874537809564283	251	0	0.389078697499197	1.16549364374017	2.34869022013318
GSE245552	gse245552_Pt17_T1_working_qc_sparse_matrix	Pt17_T1	primary tumor	endothelial_review	112	0.0852339540110209	0.166752055806083	0.471646975032307	0.380733374041874	112	0.12835903325158	0.25029187416454	0.670251654882627	0.507716532798656
GSE245552	gse245552_Pt17_T1_working_qc_sparse_matrix	Pt17_T1	primary tumor	epithelial_review	36	0.064720683106248	0.186004327677579	0.871774563390754	0.936486537148017	36	0.212504695552752	0.523310348033715	1.13740191177137	1.2841019014805
GSE245552	gse245552_Pt17_T1_working_qc_sparse_matrix	Pt17_T1	primary tumor	immune_review	1072	0.972164931819438	1.45304237186825	1.36451807051373	1.78944754931854	1072	1.10482098102214	1.60373709735785	1.49237394934482	1.88508302474505
GSE245552	gse245552_Pt17_T1_working_qc_sparse_matrix	Pt17_T1	primary tumor	pericyte_review	46	0.962738147190059	1.44150458057046	1.32637389195403	1.80118504126731	46	2.58384214479617	3.02153534228206	2.74872132683613	3.27054021998023
GSE245552	gse245552_Pt17_T2_working_qc_sparse_matrix	Pt17_T2	liver metastasis	caf_ecm_review	56	0	0	0.18967192561839	0.172994258925819	56	0	0	0.648350906442334	0.448542765428405
GSE245552	gse245552_Pt17_T2_working_qc_sparse_matrix	Pt17_T2	liver metastasis	endothelial_review	66	0.170755924693017	0.381466433877089	0.736663318205784	1.15219829456349	66	0.322963867446836	0.752763856311325	1.04927330310943	1.58595436906912
GSE245552	gse245552_Pt17_T2_working_qc_sparse_matrix	Pt17_T2	liver metastasis	epithelial_review	199	2.43170211962255	2.8817059872449	2.72416263045842	3.26789004883453	199	2.88280796642541	3.22147413981786	3.05215789136277	3.55456620149359
GSE245552	gse245552_Pt17_T2_working_qc_sparse_matrix	Pt17_T2	liver metastasis	immune_review	1459	0.937214150946791	1.30053648361089	1.27192532409866	1.61017711976851	1459	1.13362043456055	1.50113913060304	1.46642103025925	1.77725410178645
GSE245552	gse245552_Pt17_T2_working_qc_sparse_matrix	Pt17_T2	liver metastasis	pericyte_review	24	0.355451762675648	0.72352862803049	0.801561996572205	1.17286477929523	24	1.87348718953075	2.70108382005053	2.36105261866437	3.01549986105011
GSE245552	gse245552_Pt17_Z1_working_qc_sparse_matrix	Pt17_Z1	colon adjacent tissue	caf_ecm_review	633	0	0	0.0913495503064334	0	633	0	0	0.298528808681367	0
GSE245552	gse245552_Pt17_Z1_working_qc_sparse_matrix	Pt17_Z1	colon adjacent tissue	endothelial_review	225	0.0790403677645803	0.187891446733759	0.365780711855391	0.340778136581841	225	0.190348994714493	0.292912218900627	0.533711531554265	0.488907267520803
GSE245552	gse245552_Pt17_Z1_working_qc_sparse_matrix	Pt17_Z1	colon adjacent tissue	epithelial_review	683	1.63624454245056	2.27022823967013	2.02139093763503	2.67360250124514	683	1.758914694937	2.36880689479696	2.15775014684515	2.78477629144363
GSE245552	gse245552_Pt17_Z1_working_qc_sparse_matrix	Pt17_Z1	colon adjacent tissue	immune_review	2025	0.720359385807091	1.0253926017471	1.14482579390066	1.67916530944936	2025	0.774117214217047	1.11631322468175	1.26302431433783	1.80602770712325
GSE245552	gse245552_Pt17_Z1_working_qc_sparse_matrix	Pt17_Z1	colon adjacent tissue	pericyte_review	4	0.114050343779637	0.183309288760009	0.582892608507695	0.652151553488067	4	0.239267778034806	0.631013853483632	1.15620291102298	1.54794898647181
GSE245552	gse245552_Pt18_T1_working_qc_sparse_matrix	Pt18_T1	primary tumor	caf_ecm_review	162	0	0.229892374608981	0.457503509887287	0.579293352454414	162	0	0.499764527029121	0.872999448211765	0.832150581266447
GSE245552	gse245552_Pt18_T1_working_qc_sparse_matrix	Pt18_T1	primary tumor	endothelial_review	45	0	0.114196053704084	0.165125524609602	0.233600250733618	45	0.162933216401879	0.284273821588245	0.325963779672828	0.431452942586515
GSE245552	gse245552_Pt18_T1_working_qc_sparse_matrix	Pt18_T1	primary tumor	epithelial_review	1828	2.70043716585833	2.99808291956667	2.84786695948226	3.2368346418992	1828	2.80513943814885	3.08412822349242	2.95528778984928	3.31434618866418
GSE245552	gse245552_Pt18_T1_working_qc_sparse_matrix	Pt18_T1	primary tumor	immune_review	1221	0.77965044444347	1.20919591823788	1.21071784946293	1.65465080732456	1221	1.05602585868098	1.55677801678053	1.47442083923076	1.89503128876104
GSE245552	gse245552_Pt18_T1_working_qc_sparse_matrix	Pt18_T1	primary tumor	pericyte_review	8	0.357966034434254	0.901269468558096	0.856778036876765	1.32761685631959	8	3.05889884522133	3.25265070037522	2.86887689944082	3.39579120038639
GSE245552	gse245552_Pt18_T2_working_qc_sparse_matrix	Pt18_T2	liver metastasis	caf_ecm_review	107	0.305179678084557	0.861826924929865	0.930604058336936	1.37129907625365	107	2.23732082066553	2.8392314373668	2.5428963366369	3.373874408981
GSE245552	gse245552_Pt18_T2_working_qc_sparse_matrix	Pt18_T2	liver metastasis	endothelial_review	8	0.153306973984175	0.283473571280924	0.825956765399522	1.59989995910866	8	0.353766193028212	0.580360132858298	1.15290484296198	2.21049996473717
GSE245552	gse245552_Pt18_T2_working_qc_sparse_matrix	Pt18_T2	liver metastasis	epithelial_review	4016	2.78015120059655	3.13588418026905	3.02762909074171	3.42885321311379	4016	2.87528978356447	3.21009003009241	3.10604447243953	3.4691535972575
GSE245552	gse245552_Pt18_T2_working_qc_sparse_matrix	Pt18_T2	liver metastasis	immune_review	516	0.7178568669974	1.10407271504919	1.11690704848439	1.50866522313719	516	1.1336902592769	1.55796938024155	1.48616538829386	1.82805091710395
GSE245552	gse245552_Pt18_T2_working_qc_sparse_matrix	Pt18_T2	liver metastasis	pericyte_review	112	0.543827632487196	0.950857911605071	0.991358478942731	1.37340702367595	112	2.54725687123849	2.90323989565657	2.78443698587491	3.15924111047399
GSE245552	gse245552_Pt18_Z1_working_qc_sparse_matrix	Pt18_Z1	colon adjacent tissue	caf_ecm_review	707	0	0.382046788596272	0.709723988555908	1.36618092678358	707	0	2.76652443092132	1.81228289280144	3.46149129404197
GSE245552	gse245552_Pt18_Z1_working_qc_sparse_matrix	Pt18_Z1	colon adjacent tissue	endothelial_review	144	0	0.15596209018242	0.212484059319981	0.292048420046471	144	0.196452998344504	0.261708845451566	0.347258960797877	0.38917647870121
GSE245552	gse245552_Pt18_Z1_working_qc_sparse_matrix	Pt18_Z1	colon adjacent tissue	epithelial_review	892	1.77711945701905	2.36547737115013	2.13160018004494	2.77552729560064	892	1.93811927513754	2.50587640592646	2.28712597841269	2.92719511674602
GSE245552	gse245552_Pt18_Z1_working_qc_sparse_matrix	Pt18_Z1	colon adjacent tissue	immune_review	1041	0.409575021322549	1.1574253495217	1.12389149813932	1.75855189668794	1041	0.600656973049237	1.49454569007796	1.2836555488082	1.89822846008767
GSE245552	gse245552_Pt18_Z1_working_qc_sparse_matrix	Pt18_Z1	colon adjacent tissue	pericyte_review	9	0	0	0.328157606901133	0.384184830186577	9	0.186552882815299	0.251971889265178	0.76091404254421	1.10817400466773
GSE245552	gse245552_Pt18_Z2_working_qc_sparse_matrix	Pt18_Z2	liver adjacent tissue	caf_ecm_review	117	0	0.110880547397477	0.334531306239679	0.391414180290207	117	0	0.522423032151964	0.799885259484238	1.16525944489568
GSE245552	gse245552_Pt18_Z2_working_qc_sparse_matrix	Pt18_Z2	liver adjacent tissue	endothelial_review	552	0.746332445706179	1.12968502549852	1.12111201340941	1.552332496273	552	1.11066530746204	1.51815376271908	1.49706208290372	1.88532031703713
GSE245552	gse245552_Pt18_Z2_working_qc_sparse_matrix	Pt18_Z2	liver adjacent tissue	epithelial_review	10	0	0.00180427678994952	0.1493226682971	0.211021466788635	10	0.404000005273213	0.619006242461955	0.685757703879198	0.692124734397959
GSE245552	gse245552_Pt18_Z2_working_qc_sparse_matrix	Pt18_Z2	liver adjacent tissue	immune_review	5171	0.963003742931138	1.3643934637785	1.32415177345923	1.71352369077637	5171	1.13262262140658	1.60094204540598	1.52348391899077	1.86061587239828
GSE245552	gse245552_Pt18_Z2_working_qc_sparse_matrix	Pt18_Z2	liver adjacent tissue	pericyte_review	102	0.305678855184365	0.694277693065937	0.77869371484324	1.18147668454225	102	1.09939318893848	1.67720120488728	1.61785696334036	2.10065052632431
