cluster	p_val	avg_log2FC	pct.1	pct.2	p_val_adj	gene
0	0	2.38112242599544	0.697	0.131	0	SDS
0	0	2.15382898738738	0.54	0.105	0	ID3
0	0	1.82431064860287	0.681	0.167	0	FPR3
0	0	1.79689763911974	0.78	0.198	0	RGS1
0	1.13577445056593e-281	2.08595100124308	0.503	0.104	2.80104694998569e-277	TREM2
0	5.7667943201106e-281	1.59899869683278	0.712	0.188	1.42220681522568e-276	C1QC
0	4.51593201758083e-265	1.64578562567588	0.652	0.178	1.11371915417578e-260	APOC1
0	6.24189449839188e-261	1.40537318366673	0.767	0.247	1.53937602119341e-256	LGMN
0	3.32256910183988e-258	1.63495179605135	0.56	0.132	8.19411991895751e-254	SLCO2B1
0	1.00828802824157e-255	1.74092608894191	0.576	0.145	2.48663993524936e-251	SLAMF8
0	1.0820886738704e-255	1.55307753151807	0.681	0.183	2.66864708749919e-251	C1QB
0	1.29705661101165e-253	1.65691639529535	0.53	0.121	3.19880101407692e-249	PLTP
0	4.42384953733855e-246	1.73933261970156	0.506	0.112	1.09100977289843e-241	CD72
0	5.66625293436448e-245	1.67206101308756	0.599	0.166	1.39741129867297e-240	APOE
0	1.45396019770602e-240	1.79895308777491	0.479	0.103	3.58575663958259e-236	HLA-DOA
0	8.93027351605085e-232	1.3957628497322	0.726	0.225	2.20238405452846e-227	C1QA
0	4.79520703094942e-223	1.77209743505658	0.508	0.127	1.18259395797275e-218	SLC16A10
0	1.01755505516546e-217	1.99139115568129	0.359	0.065	2.50949427704905e-213	AXL
0	3.20609147898988e-217	2.18578812117282	0.35	0.062	7.90686280548485e-213	SERPINF1
0	2.30868570861465e-216	1.22493633215008	0.836	0.314	5.69368069458546e-212	ZNF331
0	2.55197462725754e-208	1.57831266194471	0.475	0.115	6.29367982574254e-204	A2M
0	9.75930591033298e-205	2.07748934920338	0.313	0.051	2.40684002360632e-200	KCNMA1
0	1.08604621592729e-199	1.55397629413946	0.514	0.137	2.67840717771989e-195	SDSL
0	3.73479600021472e-196	1.76380469019716	0.42	0.098	9.21075389572955e-192	MMP14
0	4.19122801679909e-191	1.41589381001763	0.614	0.197	1.03364065350299e-186	CD9
0	1.81243858140632e-188	1.23853909553708	0.694	0.238	4.46983602946427e-184	ARL4C
0	1.21489170888898e-187	2.49535354541174	0.256	0.037	2.99616593246201e-183	GAL3ST4
0	1.94706510252623e-186	1.21919644274776	0.719	0.268	4.8018519558502e-182	LMNA
0	1.68370153659878e-184	1.26537494565642	0.638	0.208	4.15234472955992e-180	PTMS
0	1.3633532092805e-182	2.52376281026377	0.219	0.026	3.36230168472757e-178	AC079767.4
0	5.20605686847794e-179	1.42054762832568	0.472	0.127	1.28391774490403e-174	C1orf54
0	1.01105682862857e-178	1.39051259970832	0.563	0.177	2.49346835076377e-174	PMP22
0	7.67296585527052e-178	2.25801128601698	0.263	0.042	1.89230683922682e-173	ADAMDEC1
0	1.13240238898886e-176	1.57395754570015	0.433	0.11	2.79273077172433e-172	ATP1B1
0	2.50047588001877e-174	1.21644813151419	0.69	0.251	6.16667361530229e-170	CD81
0	3.61536036943517e-172	1.18400615251679	0.697	0.256	8.91620174310103e-168	AKR1B1
0	2.25616275179008e-166	1.23539357540404	0.629	0.216	5.5641485784647e-162	PVRL2
0	3.51490527745656e-165	1.40019416435121	0.486	0.142	8.66845939526336e-161	LGALS3BP
0	3.61588979805085e-162	2.9847244470827	0.168	0.016	8.91750741995301e-158	CADM1
0	4.00765567402571e-162	1.78180474567453	0.349	0.081	9.88368042328221e-158	GALM
0	7.44879896907884e-161	2.10417187038288	0.287	0.056	1.83702280175422e-156	HS3ST1
0	3.18792734239033e-160	1.16914492179501	0.638	0.225	7.86206641180303e-156	MSR1
0	7.87958144842547e-160	1.35045904279105	0.401	0.101	1.94326237681069e-155	STMN1
0	8.06896015439461e-158	1.3305729985479	0.462	0.133	1.9899669532768e-153	NRP2
0	1.37333220459096e-157	1.66725544597943	0.341	0.078	3.38691188296222e-153	OLFML2B
0	9.03311610753321e-156	1.32440229247925	0.477	0.144	2.22774709443984e-151	CD59
0	3.49587726382544e-154	2.03086470838067	0.249	0.043	8.62153250804631e-150	LINC01094
0	1.65993130599896e-153	1.12727428466604	0.716	0.296	4.09372258685463e-149	ACP5
0	1.14386099138421e-151	1.47169582585172	0.397	0.105	2.82098997695174e-147	UGCG
0	2.36973681759627e-150	1.01923031653428	0.732	0.299	5.84424493955591e-146	MS4A4A
1	0	1.49464683709906	0.897	0.468	0	DDIT4
1	0	1.38529748007696	0.942	0.541	0	CXCR4
1	4.52763047023148e-265	0.780500085471877	0.965	0.764	1.11660422656849e-260	TSC22D3
1	7.66743243599773e-244	1.20275553837698	0.855	0.496	1.89094218736576e-239	CLEC4E
1	3.75126700368805e-232	0.873477561541186	0.911	0.681	9.25137468449546e-228	ZFP36L2
1	2.79730654091644e-217	0.48546817771418	0.98	0.9	6.89871739120812e-213	ZFP36
1	4.2998523505245e-210	1.77053800398646	0.607	0.246	1.06042958668635e-205	CDC42EP2
1	9.22816273294707e-206	0.808783542314058	0.892	0.713	2.27584949319941e-201	ZFAND5
1	1.24660678367035e-205	1.31824961286577	0.746	0.43	3.07438164988781e-201	CYTIP
1	1.47918964359874e-204	0.816702400398371	0.904	0.671	3.64797749904322e-200	PLIN2
1	6.84182776936532e-199	0.382245257036274	0.997	0.947	1.68733156448087e-194	DUSP1
1	1.40740866715613e-192	0.819103793090179	0.894	0.64	3.47095125494044e-188	CD52
1	1.07949390379007e-188	0.519831348905328	0.967	0.842	2.66224786552706e-184	LSP1
1	1.08782491979464e-185	0.973970270166945	0.836	0.552	2.68279381719753e-181	NR4A1
1	3.59108007491813e-181	1.17988482564356	0.762	0.446	8.8563216807631e-177	RNF144B
1	2.31839152988351e-180	0.480299593195532	0.991	0.883	5.71761719099871e-176	FOS
1	7.5628168195837e-177	0.706659779654194	0.89	0.708	1.86514188404573e-172	FGL2
1	1.89489838101698e-170	1.09892246537697	0.763	0.457	4.67319838726407e-166	LGALS2
1	1.48704509816717e-163	0.684895540748931	0.886	0.717	3.66735062109988e-159	C10orf54
1	3.93849472548204e-161	0.337451729562434	0.992	0.961	9.71311569198379e-157	RPL7
1	8.51150592388384e-158	0.650280370711771	0.986	0.712	2.09910759094823e-153	FCN1
1	4.91410045777994e-155	0.581526654596849	0.931	0.783	1.21191545489769e-150	C5AR1
1	2.92800566780233e-154	0.351050829976055	0.993	0.945	7.2210475779341e-150	COTL1
1	4.19587534736506e-154	0.695591176304645	0.862	0.689	1.03478677816717e-149	CD48
1	1.35614873297384e-151	0.282142937961634	1	0.986	3.34453400526008e-147	RPS4X
1	3.2441866371262e-151	0.54101716501054	0.966	0.829	8.00081308448063e-147	NAMPT
1	1.28712558464139e-147	0.848680001538973	0.819	0.603	3.17430911684259e-143	SMAP2
1	1.66158083179806e-141	0.305299231072269	0.994	0.965	4.09779064738037e-137	CTSS
1	1.50391118119502e-140	0.384806443471873	0.987	0.925	3.70894575506315e-136	BTG1
1	1.59129052341136e-140	0.455556556954681	0.937	0.844	3.9244406888371e-136	CEBPD
1	1.55021558514609e-138	0.478069997683895	0.952	0.847	3.8231416760873e-134	CEBPB
1	2.1099355471832e-138	0.330712764627878	1	0.956	5.20352304646322e-134	LYZ
1	1.39183602884557e-137	0.725218453376925	0.816	0.644	3.43254601433894e-133	HERPUD1
1	1.78916186887801e-137	0.488509565529722	0.947	0.845	4.41243100102694e-133	TKT
1	3.8633323183935e-136	1.13564389881541	0.693	0.437	9.52775016362205e-132	PER1
1	2.17862183742271e-135	0.347156978376973	0.926	0.887	5.37291717545188e-131	HNRNPA1
1	3.11576216922406e-134	0.27244500256543	1	0.993	7.68409266174039e-130	SAT1
1	3.60179227899211e-134	0.271742123709357	0.997	0.98	8.88274011845035e-130	GABARAP
1	4.20191702469483e-134	0.333040768589933	0.973	0.933	1.03627677663024e-129	SLC25A6
1	1.81383931399186e-133	0.820458203541827	0.798	0.578	4.47329051616673e-129	LIMD2
1	3.34275009779636e-133	0.908315424550724	0.786	0.535	8.24389029118539e-129	NLRP3
1	4.67402353777783e-133	0.45178539984801	0.942	0.852	1.15270768488677e-128	CD37
1	1.50083660004626e-131	0.640935502230115	0.851	0.711	3.7013632230341e-127	AP1S2
1	1.01228803222188e-130	0.277077779501792	0.977	0.952	2.49650474506561e-126	RPL10A
1	8.43482077569207e-129	1.80391370950888	0.421	0.155	2.08019549970118e-124	XIST
1	1.36087634202913e-128	0.381350003570298	0.94	0.875	3.35619323471223e-124	JUNB
1	1.55076797596092e-128	0.864874269857983	0.759	0.556	3.82450398231483e-124	RAB20
1	1.31509725664122e-123	0.25029142208781	0.999	0.986	3.24329285432858e-119	RPS10
1	2.05718170748898e-123	0.859655603205413	0.783	0.505	5.07342152700932e-119	G0S2
1	5.07344643293166e-122	0.250862744244205	0.999	0.988	1.2512133592896e-117	RPS3A
2	0	1.81017678485479	0.816	0.259	0	APOBEC3A
2	3.92135245509654e-295	1.648226921639	0.822	0.314	9.67083942475909e-291	PHLDA1
2	3.85235095450208e-254	1.21069453354267	0.925	0.48	9.50066792399304e-250	CREM
2	6.09525763446493e-245	2.11955185149369	0.574	0.166	1.50321243781174e-240	SEMA6B
2	3.49331087937713e-242	1.56256964129981	0.771	0.336	8.61520329071989e-238	MARCKSL1
2	3.55998123211691e-229	2.67403225790165	0.371	0.064	8.77962571464672e-225	LAMB3
2	1.10386419193122e-217	1.25898403763899	0.842	0.434	2.72234987014078e-213	PNP
2	1.9573523006798e-203	0.951281184936707	0.943	0.592	4.82722224393652e-199	PPIF
2	5.75637057754626e-197	0.957131797701367	0.941	0.589	1.41963611183446e-192	ATP2B1
2	2.53121273605442e-190	1.36453739453376	0.755	0.329	6.24247684965742e-186	EHD1
2	1.00106115374387e-184	1.43771870232496	0.7	0.287	2.46881701736313e-180	SLC7A5
2	1.27825327562717e-184	1.1637476960493	0.868	0.401	3.15242822835173e-180	THBS1
2	1.71114367002527e-184	1.91543118470322	0.549	0.194	4.22002251901631e-180	TGM2
2	1.79586965322417e-171	1.90927801585843	0.495	0.158	4.42897373878145e-167	GPAT3
2	1.90367194486835e-170	1.12692787173462	0.815	0.444	4.69483575043432e-166	BASP1
2	7.1429977912517e-167	1.05036173526808	0.852	0.493	1.76160611527849e-162	ANPEP
2	2.29046634378765e-166	0.515846873055765	0.999	0.888	5.6487480970491e-162	TIMP1
2	8.68051809482215e-162	1.1163553271113	0.829	0.389	2.14078937254504e-157	EREG
2	2.73749034361679e-161	1.05075124844022	0.824	0.471	6.75119868542773e-157	SLC43A2
2	3.33245873497993e-161	0.928049906220296	0.867	0.55	8.2185097322075e-157	EZR
2	4.79418510319362e-157	2.25424067828825	0.318	0.066	1.18234193014961e-152	SERPINB2
2	2.22899184544246e-156	1.00264628381841	0.882	0.473	5.49713968923021e-152	CXCL8
2	3.27233385900247e-155	1.06703486783442	0.812	0.436	8.07022976307189e-151	BCL3
2	2.50780343106426e-153	1.28306023105488	0.703	0.328	6.18474482169068e-149	ISG20
2	3.00589612189332e-152	1.07171324256875	0.827	0.416	7.4131410158133e-148	AQP9
2	5.13145896510824e-145	1.12855410199874	0.741	0.414	1.26552040997499e-140	DNTTIP2
2	5.16734374252963e-142	0.73461159552629	0.905	0.65	1.27437031378266e-137	ATP1B3
2	5.62781331811243e-140	0.801175864864344	0.916	0.617	1.38793132051289e-135	MAP3K8
2	3.17145459778792e-138	1.16804331702728	0.726	0.356	7.82144132906456e-134	RETN
2	6.91152244178808e-136	0.780208940585516	0.893	0.618	1.70451966459378e-131	SELK
2	1.07589410427444e-135	0.724842614368959	0.907	0.645	2.65337003996162e-131	PLSCR1
2	3.91850355943237e-134	0.979172688418517	0.801	0.465	9.66381347827212e-130	NFKB1
2	2.34992807758151e-132	0.98297536449196	0.828	0.432	5.79539262493152e-128	CXCL2
2	5.18541342775251e-129	1.6927744008134	0.433	0.142	1.27882665955232e-124	ECE1
2	8.65769804933562e-127	1.02147533007393	0.767	0.404	2.13516149292715e-122	CD300E
2	9.5098416127425e-126	2.41894660679891	0.24	0.047	2.34531713853456e-121	PTGES
2	1.97498152346951e-124	0.858562934249125	0.828	0.543	4.87069943318051e-120	EMD
2	2.82727489277524e-124	0.946053473221512	0.775	0.468	6.9726253405623e-120	DSE
2	1.76763503461996e-123	1.74202300117907	0.386	0.118	4.35934152237974e-119	SMAD3
2	3.54449422656672e-123	0.846727207836875	0.827	0.554	8.74143166155885e-119	CHMP4B
2	4.47687681030876e-123	0.892350394174829	0.828	0.491	1.10408735895835e-118	SERPINB9
2	7.15627383930722e-122	1.32776119525887	0.586	0.27	1.76488025424995e-117	PDE4A
2	2.09923119115301e-120	0.686161841389434	0.899	0.65	5.17712396362155e-116	TPM4
2	3.24706432870975e-120	0.988002822875839	0.74	0.416	8.00791004746398e-116	C15orf48
2	1.35205456271164e-119	1.04827156119847	0.727	0.372	3.33443696255944e-115	RGCC
2	2.02214058327531e-118	0.853848523667047	0.798	0.549	4.98700310647357e-114	BID
2	7.29680685745652e-118	0.947317763578631	0.789	0.45	1.79953850718593e-113	LILRA5
2	2.20897109450237e-116	0.546616627663695	0.959	0.779	5.44776451326175e-112	TNFRSF1B
2	7.73066015393807e-116	0.823564165406172	0.822	0.547	1.90653540716421e-111	WTAP
2	2.06945893871703e-115	0.790852180783972	0.828	0.564	5.10369963466395e-111	CTNNB1
3	0	5.01545700685231	0.268	0.009	0	AGRP
3	0	4.44394967764823	0.251	0.01	0	NT5E
3	0	4.36564222188696	0.325	0.015	0	DEFB1
3	0	4.18556485192022	0.666	0.034	0	ANGPTL4
3	0	3.88177933281377	0.348	0.022	0	ENO2
3	0	3.5252417570177	0.385	0.035	0	CST6
3	0	3.41937397076021	0.868	0.088	0	SPP1
3	0	3.3790717462261	0.462	0.036	0	SERPINE1
3	0	3.25515076369939	0.51	0.05	0	TNS1
3	0	3.25017424807447	0.362	0.035	0	NMB
3	0	3.17598881795223	0.42	0.041	0	SLAMF9
3	0	3.02387182388349	0.483	0.056	0	PPARG
3	0	2.97269759091538	0.359	0.035	0	AK4
3	0	2.66333850336509	0.673	0.108	0	CLEC5A
3	0	2.53625559255893	0.52	0.076	0	TNFSF14
3	0	2.35185723903934	0.548	0.101	0	SDC2
3	0	2.30385797970164	0.859	0.178	0	GPNMB
3	0	2.213904903171	0.801	0.188	0	CD9
3	0	2.13081215964877	0.634	0.121	0	EMP1
3	0	2.0242445319338	0.824	0.22	0	ERO1A
3	0	2.00025387133085	0.746	0.173	0	TGM2
3	0	1.78113304412646	0.924	0.357	0	FBP1
3	9.18889374189066e-308	1.4647290142337	0.956	0.393	2.26616497462508e-303	ALOX5AP
3	2.00838476858042e-301	1.73338004950699	0.816	0.242	4.95307851627302e-297	CD82
3	2.08528096222186e-299	2.48815171674751	0.462	0.071	5.14271990903154e-295	INHBA
3	3.94644473373283e-297	1.90468105143056	0.706	0.186	9.73272200233191e-293	APOC1
3	1.07705222538473e-281	1.79058367120131	0.741	0.22	2.65622619824381e-277	MARCO
3	1.24931130932578e-281	3.1411717249407	0.334	0.037	3.08105155105924e-277	MATK
3	1.17890943715417e-269	2.87472084297759	0.336	0.038	2.90742645390961e-265	TM4SF19
3	2.02862961656388e-267	5.17063034629771	0.161	0.003	5.00300636036983e-263	CA12
3	9.21171381259109e-265	2.14657949988138	0.569	0.131	2.27179286046122e-260	ABCG1
3	4.22327805135774e-264	2.3005321360172	0.528	0.118	1.04154483302585e-259	FN1
3	7.2892299194049e-260	3.1371552557005	0.313	0.035	1.79766988272364e-255	LPL
3	1.00118409567656e-256	1.68535863420668	0.767	0.246	2.46912021675753e-252	P4HA1
3	6.60813891890855e-255	2.56626991464351	0.394	0.061	1.62969922018123e-250	HIF1A-AS2
3	3.64403126368956e-251	3.06877990063092	0.266	0.023	8.9869099025112e-247	CCL7
3	5.58034934338712e-251	2.18108392193549	0.494	0.099	1.37622575506613e-246	TMEM38B
3	7.41825746305058e-242	4.08908776965789	0.209	0.013	1.82949065553753e-237	EGLN3
3	6.58808627454864e-239	2.28395257985342	0.471	0.097	1.62475383702918e-234	CD109
3	2.87871889248857e-238	1.90875550023445	0.536	0.117	7.0994965326553e-234	FLT1
3	1.1697377928552e-237	4.58010562319488	0.17	0.006	2.88480734473949e-233	SPOCD1
3	9.97576855752857e-233	1.37682763989656	0.892	0.334	2.4602240416577e-228	MCEMP1
3	1.05166175662292e-232	3.53078961669866	0.236	0.02	2.59360822418345e-228	AQP3
3	2.93479913340902e-231	1.36563282793826	0.892	0.356	7.23780162281333e-227	RGCC
3	3.31852162845544e-228	2.18138277688397	0.472	0.101	8.1841380400968e-224	DHRS3
3	3.64028073589271e-227	2.32822060313591	0.386	0.064	8.97766035085859e-223	SEMA3C
3	1.55202166719476e-225	2.71105770388291	0.31	0.04	3.82759583563572e-221	TPST1
3	5.80063795009485e-216	1.38940441042078	0.809	0.298	1.43055333125239e-211	ACP5
3	2.82512744840706e-211	1.48660162439842	0.74	0.239	6.96732931326149e-207	MMP19
3	1.07942944408661e-210	2.30988351926341	0.398	0.076	2.66208889500639e-206	HSD3B7
4	2.46649488687119e-265	1.95059861965303	0.83	0.287	6.08286969000172e-261	CCL3L3
4	6.6560037523601e-249	1.97441384639657	0.783	0.256	1.64150364540705e-244	CCL4L2
4	1.904440666431e-230	1.19792253981554	0.972	0.577	4.69673157155214e-226	IL1B
4	2.23005062718243e-215	1.92504851349088	0.742	0.281	5.49975085675731e-211	THAP2
4	3.12693407370041e-212	1.67959314458177	0.826	0.353	7.71164481255996e-208	RBKS
4	1.21276866143437e-205	1.38649397546961	0.899	0.442	2.99093007282945e-201	CXCL2
4	9.69204865722561e-201	2.68146247568398	0.47	0.102	2.39025303984498e-196	DNAAF1
4	6.27048930563122e-196	1.71148269951692	0.767	0.289	1.54642807255477e-191	CCL4
4	1.6284690414938e-181	1.98649627809946	0.621	0.191	4.01613035013202e-177	PTGS2
4	5.67205081416263e-178	1.41322286825094	0.847	0.416	1.39884117178879e-173	CCL3
4	1.21098246880227e-177	1.94068471201491	0.623	0.202	2.98652496456016e-173	CCL20
4	1.3530530179358e-177	1.22928614390126	0.91	0.486	3.33689935283327e-173	CXCL8
4	6.30773548583162e-174	0.907325315287311	0.972	0.702	1.5556137255158e-169	TNFAIP3
4	3.60756969761325e-173	1.19657676394597	0.906	0.538	8.89698838825379e-169	NLRP3
4	3.14980798693616e-172	1.40830813819333	0.81	0.408	7.76805645738196e-168	EREG
4	1.00595632168568e-171	2.09479814359271	0.561	0.165	2.48088948054122e-167	TRAF1
4	1.33324559965705e-170	0.859214143403158	0.963	0.74	3.28805029787422e-166	BCL2A1
4	7.45860720873752e-168	1.1543447930238	0.884	0.538	1.83944170981885e-163	ICAM1
4	2.36157971470288e-154	1.00212292149249	0.926	0.611	5.82412789240025e-150	NFKBIZ
4	2.95609543229014e-154	1.40718960036863	0.779	0.394	7.29032255511394e-150	AREG
4	1.39254475467977e-152	1.20668881792061	0.854	0.478	3.43429387399124e-148	DUSP2
4	3.08623058125611e-147	0.838185880499679	0.948	0.686	7.61126185949382e-143	IER3
4	4.34575050977088e-146	1.60689755321596	0.679	0.283	1.0717489907197e-141	CXCL3
4	8.05314976968129e-146	0.628164999331391	0.979	0.838	1.9860677961988e-141	PPP1R15A
4	2.94488556151529e-139	0.916882125761397	0.897	0.617	7.262676771809e-135	CD83
4	1.75131186088947e-138	0.488909584339897	0.997	0.935	4.31908531132561e-134	NFKBIA
4	1.44061480532549e-134	1.65446492120252	0.636	0.254	3.55284423289372e-130	ARL5B
4	1.21277288724691e-133	0.578831678061297	0.989	0.876	2.99094049452833e-129	SOD2
4	3.43160001786553e-130	1.4731188056397	0.687	0.322	8.46301196405997e-126	ZC3H12A
4	1.91266825246712e-126	0.461262628007525	0.99	0.937	4.71702244423442e-122	PNRC1
4	6.42470268766944e-125	0.583965793014713	0.979	0.852	1.58446017683304e-120	PLAUR
4	4.30787447778756e-124	0.808034749798446	0.916	0.681	1.06240800371197e-119	GADD45B
4	2.1448898701893e-122	1.05411649022431	0.848	0.511	5.28972739786086e-118	PDE4B
4	1.11332596088712e-121	1.44064718968747	0.673	0.309	2.74568448473982e-117	BIRC3
4	2.85838490446013e-114	1.13059271918462	0.768	0.478	7.04934885137957e-110	PIM3
4	2.33923611025892e-110	2.16507045359047	0.33	0.078	5.76902409512054e-106	IL1A
4	5.24319932215708e-110	1.23362392687025	0.734	0.407	1.29307781683038e-105	CCRL2
4	5.84630587879743e-110	1.95442788587412	0.461	0.16	1.44181595582902e-105	MIR155HG
4	2.5613971125269e-109	1.53743035816063	0.594	0.26	6.31691755891385e-105	MAFF
4	7.78533840853521e-106	0.741054762716456	0.897	0.681	1.92002015831295e-101	CDKN1A
4	1.04849615281742e-104	0.707487854772968	0.899	0.731	2.58580121207831e-100	PLEK
4	3.93214655013275e-104	1.02708409024916	0.753	0.474	9.69745982193738e-100	GPR183
4	7.80382088176004e-103	1.16840119070927	0.721	0.406	1.92457830585966e-98	OLR1
4	7.24381843235745e-102	0.637058536895057	0.901	0.753	1.786470501788e-97	REL
4	1.8715110224616e-101	0.749422540468803	0.868	0.681	4.61552048359479e-97	CFLAR
4	3.7854505707064e-101	1.06951033824119	0.772	0.48	9.33567819747613e-97	NFKB1
4	4.75652613954257e-99	0.805145404467646	0.869	0.655	1.17305447653399e-94	SAMSN1
4	4.2559226531622e-98	0.882423965897721	0.855	0.565	1.04959564472286e-93	NR4A1
4	1.62710041278123e-96	1.66363166129939	0.51	0.209	4.01275503800108e-92	PMAIP1
4	1.83413877416307e-96	1.69877455057239	0.508	0.208	4.52335304484095e-92	GPR132
5	1.29453069441464e-117	2.12184295960239	0.399	0.105	3.19257159856538e-113	FOLR3
5	1.36957033955416e-115	1.98726743921761	0.378	0.091	3.37763437140848e-111	NFE2
5	2.11885466695616e-113	0.992037928503076	0.894	0.535	5.22551937964728e-109	NCF1
5	8.05712761095233e-102	0.804896512191164	0.931	0.637	1.98704881141306e-97	IER2
5	1.73774826516081e-96	1.36435147343979	0.651	0.314	4.28563477153959e-92	RAB11FIP1
5	1.0777020254253e-86	1.0983939882413	0.722	0.393	2.65782873510388e-82	IL17RA
5	6.33773438887841e-86	1.28331784258017	0.619	0.281	1.56301205498519e-81	TNFSF10
5	1.36415026303767e-84	1.14410986924782	0.693	0.345	3.3642673787035e-80	POU2F2
5	1.81231772247585e-84	1.49375245811611	0.492	0.187	4.46953796716995e-80	NLRP1
5	5.96964315479543e-77	0.98781666356147	0.738	0.44	1.47223339483565e-72	TUBA1A
5	1.23044421013166e-75	0.955223765932372	0.75	0.44	3.03452151102671e-71	CLEC12A
5	2.56390813874279e-74	0.795640124160339	0.844	0.575	6.32311025176746e-70	MYO1F
5	5.42879077491369e-72	1.5641604368515	0.424	0.164	1.33884838090921e-67	ANKRD13D
5	8.46905063945787e-72	1.66364730824435	0.381	0.136	2.0886372687031e-67	KLF13
5	1.20375920202418e-71	1.54821591749141	0.404	0.145	2.96871094403203e-67	CDKN2D
5	2.48415628417878e-71	1.19364180685023	0.573	0.264	6.12642622804171e-67	MEGF9
5	5.30699266663768e-71	1.78120100949221	0.315	0.095	1.30881053144618e-66	SLC24A4
5	1.5869980798931e-69	0.874817970311425	0.842	0.441	3.91385466463236e-65	S100A12
5	2.17325334819631e-69	0.669158168324084	0.894	0.647	5.35967740732175e-65	MNDA
5	2.56920058476839e-69	0.739391949600354	0.897	0.579	6.3361624821558e-65	TXNIP
5	2.62881937339477e-68	1.63172613638555	0.346	0.114	6.48319433866617e-64	RAB3D
5	1.12193596157686e-66	1.08417267113805	0.631	0.337	2.76691846844085e-62	ADRBK1
5	7.61352583654047e-65	0.689742074284707	0.883	0.626	1.87764774180761e-60	CSF3R
5	3.02797941568056e-62	0.591012356138329	0.993	0.722	7.46760283495139e-58	S100A8
5	3.03395870420376e-62	0.523323145544601	0.955	0.769	7.48234895630732e-58	AHNAK
5	1.08892857053804e-61	0.875120962636742	0.737	0.453	2.68551564066092e-57	NUP214
5	4.02647348185218e-61	1.3436797947289	0.449	0.191	9.93008890094386e-57	LINC00937
5	1.05267850793843e-60	1.32648970453324	0.431	0.177	2.59611573627777e-56	GIMAP7
5	1.61474716704257e-60	1.92498659462759	0.22	0.057	3.98228946336039e-56	GABBR1
5	3.88527802446368e-60	1.1728926609136	0.559	0.29	9.58187266393234e-56	EHBP1L1
5	3.93332036434777e-60	1.34933915397627	0.475	0.222	9.70035468255448e-56	DGKZ
5	7.53409139365006e-60	0.69318834861889	0.857	0.585	1.85805761950198e-55	LIMD2
5	2.39854713354017e-59	1.4853367631998	0.373	0.143	5.91529694073676e-55	ZNF467
5	3.80471310508561e-59	1.33341090755823	0.431	0.181	9.38318345976213e-55	MAP3K3
5	1.20502087356929e-58	1.62707025886443	0.307	0.103	2.97182247839657e-54	NACC2
5	2.22655869501241e-58	0.997760006054931	0.638	0.36	5.49113905363961e-54	PRAM1
5	3.07731102049569e-58	0.545819763941072	0.881	0.691	7.58926443874648e-54	SAMHD1
5	1.32439970236323e-57	0.857846571921001	0.731	0.469	3.26623454596819e-53	IRF1
5	1.81835668879915e-57	1.23055985210869	0.479	0.217	4.48443126591647e-53	GIMAP1
5	2.94246582656139e-57	1.03474933681731	0.59	0.317	7.25670922146569e-53	ATG16L2
5	2.58296587172505e-54	0.968660994244469	0.627	0.364	6.37011043284831e-50	FBXL5
5	3.98707632279449e-53	0.810384679878447	0.735	0.453	9.83292762727577e-49	KLF2
5	1.38461911050416e-52	0.79975090713808	0.731	0.464	3.41474765032537e-48	CD36
5	2.06831745289775e-52	0.701837270968262	0.789	0.561	5.10088450233643e-48	C4orf48
5	2.06174123721458e-51	1.24971576832365	0.449	0.211	5.0846662392186e-47	MSRB1
5	2.45389475772588e-51	0.694146163805544	0.803	0.556	6.05179525150356e-47	MPEG1
5	1.32916104860668e-50	1.39728579094862	0.386	0.169	3.2779769780738e-46	ARHGAP27
5	2.2545196454241e-49	1.27210208899448	0.415	0.19	5.56009634954492e-45	VAMP2
5	6.07420672336069e-49	1.16841100039522	0.465	0.226	1.49802086211521e-44	PXN
5	6.94180707914098e-49	1.116383894567	0.505	0.268	1.71198846185775e-44	PLXNB2
6	1.65560964194434e-174	2.93817010260804	0.359	0.054	4.08306449896314e-170	RP11-160E2.6
6	1.22204688826366e-139	2.31482192106855	0.422	0.091	3.01381203583583e-135	NFE2
6	1.74610691896655e-138	1.23748477585726	0.867	0.458	4.30624888355532e-134	CD36
6	4.90444006014743e-138	1.95592763520865	0.569	0.171	1.20953300763356e-133	GIMAP7
6	9.12969913769857e-136	0.995290923550758	0.95	0.598	2.25156640133922e-131	JUN
6	4.22698841290675e-135	0.940121950043444	0.974	0.644	1.04245988239106e-130	MNDA
6	7.24443313819073e-133	0.954521427973537	0.969	0.638	1.7866221005406e-128	IER2
6	4.16674815111625e-119	2.60082632104802	0.325	0.064	1.02760342902829e-114	CX3CR1
6	2.25492012760792e-116	1.32466601418389	0.776	0.377	5.56108401870666e-112	LYST
6	1.22659843181098e-113	0.940999850169825	0.945	0.579	3.02503705253224e-109	TXNIP
6	3.62910484962276e-91	1.59053625736838	0.552	0.215	8.95009838013965e-87	GIMAP1
6	3.34744043414331e-90	1.89673012509594	0.443	0.146	8.25545759868424e-86	P2RY13
6	3.52654803036703e-90	1.39708456845116	0.641	0.283	8.69717275249118e-86	TNFSF10
6	1.45447620646579e-89	1.26115413399098	0.694	0.357	3.58702922038593e-85	GIMAP4
6	2.97560644636919e-86	0.944746354483298	0.879	0.5	7.3384406180357e-82	RPS4Y1
6	7.27191047816658e-85	0.583200716955067	0.966	0.77	1.79339856212544e-80	AHNAK
6	1.7267429376325e-84	1.1799647593813	0.721	0.397	4.25849343278927e-80	IL17RA
6	3.32346575284287e-84	1.37340208246905	0.622	0.276	8.19633123966109e-80	LRRK2
6	6.8390039569721e-83	0.879195983543831	0.863	0.57	1.68663515586846e-78	GLRX
6	1.5486118734343e-82	1.78551106380232	0.443	0.156	3.81918660226367e-78	ZNF217
6	2.43428164820704e-82	1.53157726461999	0.552	0.236	6.0034254008082e-78	KIAA1551
6	4.41042147978327e-82	1.24070957810075	0.685	0.363	1.08769814534415e-77	FBXL5
6	7.19474818599183e-82	0.967646620624996	0.797	0.501	1.7743687976293e-77	NBPF26
6	1.0174211310108e-81	0.686663090463315	0.944	0.714	2.50916399329884e-77	AP1S2
6	1.11836884752539e-81	1.46467757558757	0.559	0.234	2.75812125176711e-77	TRAF3IP3
6	9.8667677815307e-80	0.979963710844722	0.889	0.443	2.4333422702811e-75	S100A12
6	6.70911229735155e-79	1.09118893736603	0.735	0.414	1.65460127477284e-74	RCSD1
6	2.76585182754297e-78	1.58360898313279	0.513	0.21	6.82114377708648e-74	MSRB1
6	9.00976881385053e-76	1.11029496309166	0.721	0.37	2.22198918487182e-71	SELL
6	1.24705782363246e-75	0.810510096695098	0.877	0.587	3.07549400464238e-71	LIMD2
6	1.80747704699496e-74	0.750634523263726	0.885	0.638	4.45759989329898e-70	EVI2B
6	7.62967366098201e-69	0.972164145147645	0.75	0.444	1.88163011827138e-64	CLEC12A
6	9.9997787847062e-69	1.17424479838056	0.643	0.353	2.46614544388424e-64	MARCH1
6	7.82874011645173e-68	0.971504792261136	0.73	0.463	1.93072388751933e-63	RGS19
6	1.17094522529507e-67	0.837346400134364	0.783	0.552	2.8877851146227e-63	DOCK8
6	2.64257806968586e-65	0.56267007159163	0.865	0.694	6.51712603545927e-61	SAMHD1
6	5.61354881858657e-65	1.08257922990076	0.672	0.367	1.38441340963982e-60	CDC42EP3
6	1.33709144153777e-64	1.05952583530365	0.679	0.406	3.29753491312045e-60	LRRC25
6	8.4918923401373e-63	0.610724922652146	0.94	0.694	2.09427048892466e-58	ZFP36L2
6	9.4211623734284e-63	1.82141242146806	0.337	0.112	2.32344706453491e-58	GIMAP8
6	1.44370934860779e-61	0.488159517314973	0.961	0.797	3.56047599553652e-57	CORO1A
6	9.64480509126148e-60	0.419240876164948	0.964	0.842	2.37860183160691e-55	PTPRC
6	3.74210201498624e-59	1.1129959648319	0.597	0.283	9.22877198935908e-55	FAM65B
6	1.17543148274222e-58	0.440043345469496	0.945	0.802	2.89884912273886e-54	CYBB
6	5.71308457346049e-58	1.5630693722892	0.369	0.134	1.40896091750683e-53	TMEM154
6	4.71011810983731e-57	1.02030069643447	0.648	0.396	1.16160932824808e-52	ZNF106
6	9.73320800954952e-57	1.20508983799522	0.557	0.303	2.4004037593151e-52	SHTN1
6	1.28837867060195e-56	0.612339998047657	0.971	0.692	3.17739947743852e-52	VCAN
6	2.37963668592448e-56	1.01434113199186	0.644	0.352	5.86865999482695e-52	POU2F2
6	2.65535674707967e-56	0.383952533631999	0.998	0.889	6.54864080964789e-52	FOS
7	6.53982874338047e-191	3.05288407171172	0.366	0.05	1.61285256469249e-186	PROK2
7	1.64417875694463e-148	1.26507849938829	0.946	0.44	4.05487365037684e-144	S100A12
7	4.0446583511901e-138	0.964715034199932	0.965	0.642	9.97493642570503e-134	SLC2A3
7	2.4052162567361e-112	0.755936411487559	0.998	0.725	5.93174433236256e-108	S100A8
7	3.34520498076022e-108	2.6285585986537	0.255	0.041	8.24994452355085e-104	MCTP2
7	2.88938472628666e-107	1.75887412422928	0.547	0.191	7.12580061196817e-103	RNASE2
7	1.06711905294202e-102	2.6100899953976	0.271	0.05	2.63172900836561e-98	ADAMTS2
7	3.63580770821172e-100	0.576974976721789	0.998	0.829	8.96662896999175e-96	S100A9
7	5.28193940855267e-100	0.7504348143644	0.984	0.691	1.30263189693726e-95	VCAN
7	3.91240061414099e-92	0.780421217621937	0.908	0.662	9.64876239459452e-88	TPM4
7	5.12730391561102e-91	0.865730717115889	0.898	0.613	1.26449569166799e-86	PPIF
7	6.14664795425182e-90	0.956882506121323	0.844	0.55	1.51588631847758e-85	GCA
7	7.24872051485015e-82	1.9326833983343	0.377	0.11	1.78767945337234e-77	FOLR3
7	9.37282267038051e-81	1.03289985047567	0.806	0.439	2.31152552696924e-76	AQP9
7	3.80019553107639e-79	0.811038940977638	0.882	0.621	9.37204221874059e-75	ACSL1
7	3.46839161830914e-78	0.54153722464573	0.993	0.836	8.553747409074e-74	NAMPT
7	3.38499273305557e-75	1.17274471727847	0.691	0.383	8.34806907826165e-71	THBD
7	1.10165937464649e-73	1.36499194188393	0.58	0.263	2.71691234975318e-69	OSM
7	1.02083311236077e-72	0.981963291650653	0.781	0.458	2.51757862170412e-68	BCL3
7	8.59884343575632e-72	1.17912224237664	0.663	0.314	2.12064676812622e-67	RBP7
7	2.3405570122044e-70	0.574446186998186	0.95	0.764	5.7722817034985e-66	FPR1
7	2.53595052638977e-69	1.90553713737693	0.3	0.08	6.25416118818244e-65	SERPINB2
7	1.45235078878781e-67	0.460140415210482	0.976	0.852	3.58178751530849e-63	CEBPB
7	8.0098703610774e-67	1.46929550216383	0.488	0.197	1.97539422844891e-62	IL1R2
7	1.7024540738844e-65	0.609918386080475	0.951	0.73	4.1985922370137e-61	SLC11A1
7	4.1413140275024e-65	0.533520961341133	0.964	0.791	1.02133086546264e-60	C5AR1
7	1.27984933264138e-64	0.789064767144148	0.852	0.573	3.15636442416017e-60	GK
7	1.93722575693258e-64	0.790939350676272	0.823	0.565	4.77758616174713e-60	RAB20
7	3.9258839077298e-64	0.433037400329889	0.997	0.894	9.68201489324323e-60	TIMP1
7	2.34286206051155e-62	0.915791927816609	0.764	0.493	5.77796641363359e-58	IVNS1ABP
7	2.26257511733005e-61	0.933087798725828	0.766	0.469	5.57996275435938e-57	CD93
7	5.54831535823389e-61	0.480779034519911	0.948	0.787	1.36832553364764e-56	CD14
7	6.03654797769625e-61	0.634314253732689	0.913	0.691	1.48873346225945e-56	CD55
7	7.6564559130646e-61	0.458152116543043	0.986	0.854	1.88823515727999e-56	PLAUR
7	1.10409910347714e-60	1.36334295324037	0.53	0.261	2.72292920899533e-56	ASPH
7	1.36196864395793e-59	0.729381428349055	0.84	0.614	3.35888706972906e-55	ATP2B1
7	6.8581728182022e-59	1.02988248931464	0.672	0.361	1.69136258042503e-54	ICAM3
7	1.31139225339518e-58	0.588271640446011	0.922	0.721	3.23415557532319e-54	CSTA
7	1.36765495491533e-58	0.77207290035251	0.823	0.565	3.37291064981219e-54	FOSL2
7	1.68949547042002e-58	0.478514945680077	0.962	0.821	4.16663372914985e-54	SERPINB1
7	2.80772703370984e-57	1.63734747454356	0.328	0.106	6.92441641053521e-53	CLEC4D
7	2.01625972922565e-56	0.97648416174725	0.691	0.373	4.9724997442163e-52	MCEMP1
7	6.68209821514223e-56	1.56260080076269	0.344	0.115	1.64793906181838e-51	CTB-61M7.2
7	9.27094659278853e-56	0.624637155376469	0.868	0.681	2.28640084871351e-51	PTPRE
7	2.1584631853478e-54	0.57595157586454	0.861	0.712	5.32320190770475e-50	MAFB
7	2.61908823659922e-54	0.615494934575923	0.87	0.67	6.459195409101e-50	HIF1A
7	1.16084322858056e-53	0.82185973252371	0.767	0.513	2.86287157032538e-49	SERPINB9
7	3.30122057554698e-53	1.30895853367168	0.446	0.187	8.14147018341396e-49	FCAR
7	3.60723063350616e-53	0.957136367913006	0.684	0.409	8.89615218835289e-49	ATP13A3
7	4.48267443434654e-53	0.906447682648214	0.722	0.44	1.10551716899854e-48	VEGFA
8	0	13.2598445498854	0.19	0	0	LYPD2
8	1.06977801819021e-213	5.47996811952839	0.148	0.003	2.6382865484607e-209	PPP1R17
8	8.92022551039024e-183	3.05122669075412	0.338	0.042	2.19990601537244e-178	RP11-362F19.1
8	1.45018929689895e-167	3.51256264549432	0.251	0.024	3.57645684401219e-163	CD79B
8	1.57260225149229e-164	2.76477756039058	0.352	0.051	3.87835167263029e-160	CYFIP2
8	1.43023393184851e-162	1.42541722865185	0.838	0.402	3.5272429227248e-158	FCGR3A
8	2.6858624113039e-156	3.03746628561155	0.314	0.043	6.62387387875769e-152	CDKN1C
8	9.50094895623022e-140	2.00971170582976	0.576	0.165	2.3431240315855e-135	IFITM1
8	1.27806582590515e-137	2.21333748626606	0.516	0.14	3.15196593984727e-133	SIDT2
8	7.57638184907838e-133	1.78243562929134	0.641	0.213	1.86848729161971e-128	HES4
8	1.29964945561832e-129	1.70049583663533	0.684	0.29	3.20519548744589e-125	RHOC
8	7.45574610398704e-129	3.33330967310527	0.231	0.028	1.83873610416528e-124	NEURL1
8	6.54761195124902e-128	1.6410501240431	0.691	0.26	1.61477205941703e-123	MTSS1
8	1.37244450966175e-121	3.55024878516236	0.179	0.017	3.38472264972781e-117	CKB
8	1.44401798524009e-121	1.61313064128145	0.695	0.281	3.56123715519911e-117	PAG1
8	4.06785729118658e-112	2.18543853597031	0.415	0.104	1.00321496515243e-107	SLC44A2
8	5.62292112338332e-111	2.4139175046988	0.301	0.054	1.38672480744879e-106	PTGES
8	1.94929662332302e-106	1.45137648296909	0.706	0.329	4.80735533243922e-102	PAPSS2
8	7.87230131321204e-106	3.77818159150807	0.128	0.009	1.94146694986435e-101	PTP4A3
8	1.20310911100023e-104	1.81744316207149	0.534	0.179	2.96710768954876e-100	TCF7L2
8	3.0319538861194e-104	1.78515233226102	0.567	0.217	7.47740467394767e-100	SPN
8	4.21645012214512e-103	2.4247881233982	0.289	0.054	1.03986092912343e-98	FFAR2
8	1.68979607991517e-101	0.956116504598589	0.884	0.543	4.1673750922868e-97	LINC01272
8	1.32351734680267e-99	2.15101349790267	0.348	0.078	3.26405848068476e-95	SYTL1
8	8.78698178983833e-97	2.34839762505537	0.307	0.064	2.16704544900993e-92	CDH23
8	2.42598613446834e-94	2.12830465695148	0.365	0.092	5.98296700482581e-90	ZNF703
8	3.52414504368193e-91	1.5077562992586	0.608	0.258	8.69124650672837e-87	ICAM2
8	2.0984652169224e-89	0.76050987981889	0.906	0.672	5.17523491797403e-85	LILRB2
8	4.05878722523109e-85	1.45996870289664	0.59	0.258	1.00097810548649e-80	SIGLEC10
8	2.15770677578149e-83	1.46940889142401	0.596	0.253	5.3213364504323e-79	TBC1D8
8	2.5721558948235e-81	1.25997603467033	0.69	0.314	6.3434508678137e-77	BIRC3
8	1.24179110774508e-80	1.1822645733024	0.735	0.347	3.06250522992093e-76	ISG20
8	3.75687144646507e-71	0.793322811294138	0.895	0.614	9.26519636127215e-67	MT2A
8	5.21853271361008e-71	0.821035576594903	0.89	0.568	1.28699453783052e-66	NR4A1
8	5.3443013844176e-69	0.920750998831218	0.78	0.506	1.31801160742507e-64	WARS
8	6.25231056878857e-69	0.660186200041042	0.897	0.679	1.54194483247464e-64	NAP1L1
8	1.12454320714158e-67	3.27131720106646	0.121	0.014	2.77334845745256e-63	TIAM2
8	4.66057942847453e-67	1.90939963843915	0.287	0.074	1.14939209865039e-62	SH2D3C
8	9.37730691533327e-66	0.477598330516007	0.982	0.849	2.31263143145949e-61	IFITM2
8	1.03371149314543e-65	0.991386104140726	0.747	0.451	2.54933928439525e-61	CYTIP
8	7.11764201631622e-65	1.76641827955038	0.365	0.12	1.75535287406391e-60	ADA
8	9.58771565000886e-64	1.92426630632179	0.312	0.092	2.36452243360519e-59	CALML4
8	8.14884146543845e-63	0.594924718637451	0.904	0.699	2.00966728220643e-58	MS4A7
8	2.13685363891716e-62	2.29964427686909	0.213	0.047	5.26990844429751e-58	TAGLN
8	6.88797204805582e-62	2.76494890356402	0.139	0.021	1.69871166649153e-57	FFAR3
8	3.353855720913e-61	1.33338816325738	0.514	0.219	8.27127897891564e-57	LILRA1
8	5.80296602438991e-61	1.40534874964212	0.448	0.168	1.43112748093504e-56	MAPK7
8	1.04911698259591e-60	0.38268790517007	0.973	0.891	2.58733230247804e-56	LST1
8	2.18029637689001e-60	1.73641934380505	0.33	0.104	5.37704692468615e-56	CHST7
8	1.54581692667336e-59	1.13098296495507	0.603	0.27	3.81229370456183e-55	CDC42EP2
9	0	9.2521868720013	0.23	0.001	0	MAMDC2
9	0	7.39646378073592	0.206	0.002	0	MGP
9	0	6.29616179752823	0.815	0.019	0	LYVE1
9	0	5.71253873047774	0.307	0.011	0	TTN
9	0	4.65348636887511	0.38	0.023	0	IGF1
9	0	4.28037763440137	0.891	0.07	0	SEPP1
9	0	3.92023072344395	0.452	0.045	0	LILRB5
9	0	3.77518781699838	0.783	0.104	0	RNASE1
9	0	3.7689058490068	0.567	0.068	0	LTC4S
9	0	3.277517294706	0.889	0.159	0	FOLR2
9	0	3.26403571321915	0.722	0.129	0	A2M
9	0	3.06279243512769	0.724	0.157	0	SLCO2B1
9	0	2.75073360359102	0.819	0.207	0	F13A1
9	0	2.71228337113005	0.896	0.224	0	MRC1
9	0	2.69826876155025	0.976	0.206	0	C1QB
9	0	2.67957318503587	0.983	0.214	0	C1QC
9	0	2.51470090196016	0.989	0.25	0	C1QA
9	4.57668834689327e-281	3.47998582423677	0.559	0.089	1.12870288011082e-276	FILIP1L
9	9.28491141340558e-258	9.27955657609832	0.133	0	2.28984485277408e-253	CCDC141
9	1.47576103882848e-254	2.8942755419856	0.656	0.146	3.63952187395879e-250	PLTP
9	1.18037556302034e-248	2.08720519481357	0.848	0.327	2.91104221352077e-244	MS4A4A
9	8.10284611941964e-248	2.21851754850288	0.839	0.294	1.99832390997127e-243	STAB1
9	1.24375233023933e-238	2.68165537054836	0.656	0.152	3.06734199683623e-234	SLC40A1
9	7.2884977468592e-230	3.0988028926811	0.569	0.116	1.79748931433042e-225	GPR34
9	1.9580902221147e-226	7.38275645522534	0.13	0.001	4.82904210577927e-222	PLEKHG5
9	1.20772371401568e-222	7.26660661699178	0.128	0.001	2.97848822350547e-218	ACTG2
9	1.75872751311098e-214	2.25797211825499	0.754	0.254	4.3373737928343e-210	DAB2
9	1.99435095696603e-214	4.68999487978668	0.244	0.016	4.91846833006963e-210	CCDC152
9	4.98046878007355e-206	5.43539568129096	0.183	0.008	1.22828321054174e-201	P2RY14
9	1.57442067025065e-205	3.00531376393611	0.552	0.12	3.88283625697214e-201	MAF
9	1.3755799160599e-202	4.51082974611576	0.259	0.021	3.39245518898693e-198	ARHGAP6
9	3.13219445639814e-192	1.99116469054983	0.756	0.27	7.72461796836908e-188	VSIG4
9	3.76383093460732e-186	2.00650218939053	0.769	0.289	9.28235985092856e-182	EGR1
9	4.48501162919265e-184	2.08752539826963	0.719	0.253	1.10609356799149e-179	MSR1
9	5.89706240449711e-182	4.02894397266125	0.259	0.024	1.45433353019708e-177	IGSF21
9	9.76830938016878e-182	2.00048181548702	0.767	0.301	2.40906045933722e-177	LMNA
9	8.266880460703e-181	3.90819628120853	0.285	0.03	2.03877805921858e-176	CD163L1
9	4.0679503456539e-180	1.99198793159529	0.748	0.289	1.00323791424516e-175	LGMN
9	2.95678067095275e-176	3.64595898457753	0.28	0.029	7.29201249070368e-172	CXCL12
9	1.33444554077512e-160	1.12671917144458	0.926	0.607	3.29100959265961e-156	CD163
9	5.58316324282794e-160	5.08291795399974	0.135	0.005	1.37691971894623e-155	DES
9	1.3874715811954e-157	1.26640124975531	0.878	0.542	3.42178241354409e-153	CSF1R
9	2.04718235333872e-156	2.69632981688841	0.513	0.131	5.04876111980395e-152	MERTK
9	7.0005413252468e-150	2.24221252723628	0.604	0.191	1.72647350163237e-145	PDK4
9	1.52033531708238e-145	4.04564371767249	0.226	0.023	3.74945095898855e-141	PDGFB
9	3.12015307945026e-138	2.43060353132185	0.544	0.167	7.69492152454022e-134	MAN1A1
9	7.88904988423568e-137	2.5364451659309	0.513	0.15	1.9455974824502e-132	NRP1
9	9.41175750189267e-137	4.20373463115982	0.196	0.018	2.32112763511677e-132	HPGDS
9	1.97685598823498e-133	4.31759413738252	0.196	0.019	4.87532223818512e-129	ADGRG6
9	5.03042030392547e-131	2.80151110178797	0.4	0.088	1.2406022553541e-126	ITSN1
10	0	4.6383057264576	0.37	0.02	0	MMP12
10	4.77940430196302e-222	4.09425663933328	0.258	0.016	1.17869668895012e-217	DNASE1L3
10	4.51058194343618e-214	2.01391479226933	0.824	0.225	1.11239971889023e-209	C1QC
10	2.29992305151914e-193	1.95446956443311	0.789	0.218	5.67207022965651e-189	C1QB
10	2.92467179034866e-190	3.31157098943417	0.388	0.053	7.21282556935787e-186	ADAMDEC1
10	1.00274540272399e-170	1.77563469056044	0.814	0.262	2.47297071219791e-166	C1QA
10	3.06140750147684e-169	3.34935144775139	0.329	0.042	7.55004318014219e-165	S100B
10	1.95382327157983e-162	3.84012053966287	0.223	0.018	4.81851895237017e-158	LINC00996
10	8.51917144542889e-159	3.17692166767667	0.3	0.036	2.10099806187167e-154	ITM2C
10	2.17028380717881e-152	2.7743318573606	0.355	0.054	5.35235392526439e-148	P2RY6
10	6.14553375505788e-149	2.93020756097034	0.345	0.053	1.51561153467237e-144	ENPP2
10	9.82540734692498e-148	1.87903454533901	0.721	0.239	2.42314195989864e-143	PTMS
10	5.66470541059918e-137	2.20972978239811	0.56	0.15	1.39702964836197e-132	C1orf54
10	1.23464401557163e-136	1.64315035247566	0.8	0.326	3.04487907120275e-132	ACP5
10	1.5525293261816e-135	2.32344418271024	0.496	0.12	3.82884782422906e-131	MMP14
10	2.02952018409533e-133	1.97468990689569	0.665	0.216	5.0052026780159e-129	APOC1
10	8.15191546581746e-133	2.02612017742949	0.624	0.2	2.0104253921799e-128	APOE
10	7.73127903607554e-128	3.31454716390326	0.231	0.026	1.90668803587695e-123	CCND1
10	4.67927030083808e-124	1.85700846980813	0.578	0.166	1.15400164159269e-119	SLCO2B1
10	1.23379349785205e-121	2.8761797835269	0.31	0.052	3.04278152440273e-117	GAL3ST4
10	1.59501910746366e-121	4.9058516522389	0.107	0.004	3.93363612282688e-117	ADGRG5
10	4.39577682847101e-120	2.16832579572905	0.421	0.092	1.08408648143752e-115	ETV5
10	2.80069419647288e-114	1.30007825739844	0.862	0.417	6.90707202734141e-110	GSN
10	4.75950762908729e-113	3.62181350409388	0.19	0.02	1.17378977148551e-108	OLFML3
10	1.51759667281731e-112	2.28568941796918	0.419	0.099	3.74269691450205e-108	GALM
10	2.65012885087904e-111	1.24888459547531	0.857	0.414	6.53574777203788e-107	HSPB1
10	4.8084471965045e-111	1.84620093569461	0.572	0.18	1.18585924760194e-106	SLAMF8
10	9.23428045935588e-110	2.30874782177141	0.417	0.101	2.27735824688635e-105	MMP9
10	3.0839790066741e-100	1.93812132134089	0.488	0.144	7.60570902625966e-96	A2M
10	2.01934513162762e-99	2.64844383510842	0.231	0.034	4.98010896362004e-95	CD163L1
10	3.9018373516483e-97	2.43442307863641	0.304	0.06	9.62271127663503e-93	SERPINH1
10	5.94947449749008e-96	1.92331808135086	0.523	0.169	1.467259400571e-91	CD59
10	1.85947245592673e-94	2.22549370007189	0.324	0.068	4.58583097080651e-90	GATM
10	3.27593007536588e-94	3.59776760496343	0.126	0.01	8.07909875186732e-90	LAG3
10	9.82601029252288e-93	1.20063594118578	0.789	0.408	2.42329065834199e-88	YWHAH
10	1.28564535436467e-89	3.17531616926827	0.141	0.014	3.17065857293416e-85	ITGA9
10	1.56057943257424e-89	1.39187516391881	0.698	0.287	3.8487009966146e-85	CD81
10	6.50210217978719e-87	1.80921172824387	0.457	0.135	1.60354843957912e-82	HLA-DOA
10	4.12609131711644e-86	2.32069040300873	0.281	0.057	1.01757664062726e-81	FRMD4A
10	1.05730512341852e-85	1.65057197233978	0.44	0.125	2.60752589537474e-81	GPR34
10	3.5610696857053e-85	1.36622401870237	0.655	0.261	8.78231005888641e-81	DAB2
10	9.60802383211588e-85	1.7763039032669	0.486	0.157	2.36953083747642e-80	PLTP
10	5.3349524423248e-84	1.73443765405171	0.479	0.153	1.31570597132614e-79	NRP1
10	8.7094860499569e-84	1.40347663238286	0.686	0.294	2.14793344964037e-79	LGMN
10	1.08633201722732e-82	1.34557847291999	0.74	0.334	2.679112020886e-78	FABP5
10	1.91896020733562e-82	1.54557874174816	0.578	0.215	4.7325396633311e-78	FPR3
10	6.59550258763866e-82	2.0322536492302	0.438	0.14	1.62658284816345e-77	TREM2
10	1.70308860979023e-80	2.47057709618898	0.186	0.027	4.20015712946466e-76	IGLV2-8
10	3.98240801403684e-80	1.80466466518272	0.422	0.125	9.82141464421765e-76	STMN1
10	6.93643071587212e-80	1.38044613525025	0.655	0.28	1.71066254314838e-75	DNPH1
11	0	4.18430953842706	0.633	0.039	0	ADAMTS2
11	6.81718790299616e-253	2.83634126327453	0.628	0.084	1.68125488063691e-248	MARC1
11	4.72163549481964e-173	2.43099184753002	0.559	0.092	1.16444974573242e-168	NFE2
11	3.75471143028402e-158	2.09902812196481	0.728	0.191	9.25986932936644e-154	RNASE2
11	8.95208371042811e-157	3.899620700933	0.203	0.012	2.20776288466578e-152	CASC8
11	4.86282859696657e-137	1.61764557628796	0.908	0.311	1.1992707885839e-132	RBP7
11	1.49023798421748e-133	1.5855169358952	0.905	0.304	3.67522491667715e-129	CDA
11	1.16162367492366e-121	1.91708409035587	0.626	0.156	2.86479630709672e-117	VNN2
11	6.60406502149907e-120	2.49933786246703	0.397	0.069	1.6286945156021e-115	FLT3
11	3.79271068045911e-119	1.89145692091266	0.644	0.166	9.35358308014825e-115	CYP1B1
11	3.39621637586367e-107	1.88880546979093	0.564	0.143	8.37574882615499e-103	LTB4R
11	5.64630289507376e-99	1.86253054919013	0.559	0.147	1.39249121998309e-94	CDKN2D
11	1.32539329246064e-95	1.86486906814616	0.518	0.13	3.26868493786643e-91	PADI4
11	2.16961381735786e-91	2.63631878213736	0.262	0.039	5.35070159636795e-87	MFGE8
11	3.27502818633476e-90	1.3077094117828	0.854	0.36	8.07687451313879e-86	ICAM3
11	1.1675947076353e-88	1.64140207450674	0.633	0.211	2.87952206797017e-84	MSRB1
11	9.28884578084374e-88	1.16304529710585	0.982	0.448	2.29081514647168e-83	S100A12
11	2.8272063190846e-87	1.11775686515797	0.903	0.515	6.97245622412645e-83	PLBD1
11	1.09873918782649e-85	2.06190218938844	0.385	0.082	2.70971058501768e-81	NLRP12
11	7.33117921698439e-84	1.84686378500681	0.464	0.117	1.80801541849269e-79	RAB3D
11	6.62369101418737e-81	1.91199474197027	0.408	0.095	1.63353467791889e-76	CRISPLD2
11	1.9283960289719e-80	1.01544714614627	0.977	0.543	4.75581028665049e-76	NCF1
11	5.3345019324634e-78	1.18550683728758	0.846	0.398	1.31559486658412e-73	IL17RA
11	2.36965930014847e-74	0.888983431249952	0.972	0.586	5.84405376602615e-70	TXNIP
11	1.26643336542988e-73	1.41300211403388	0.679	0.271	3.12327796582316e-69	CTD-3252C9.4
11	2.11748580152001e-73	3.0042950274282	0.177	0.022	5.22214348370865e-69	XXbac-BPG299F13.17
11	4.66881731389201e-73	1.33151514233396	0.726	0.308	1.15142372595205e-68	FAM200B
11	1.0821912819467e-72	1.20037169218681	0.833	0.373	2.66890013953696e-68	SELL
11	1.01715760529662e-71	1.23612918686056	0.787	0.342	2.50851408618253e-67	LILRA2
11	7.83573740032646e-67	1.27152278048952	0.7	0.28	1.93244955766851e-62	LRRK2
11	9.48185836770586e-67	1.4907180520778	0.495	0.146	2.33841591064362e-62	FN1
11	2.9861431237272e-66	1.31488198358142	0.659	0.258	7.36442617173602e-62	PSTPIP1
11	3.93784869951565e-66	1.55999331076163	0.536	0.181	9.7115224627455e-62	GIMAP7
11	1.15250122261652e-64	1.21752723213377	0.731	0.338	2.84229851521687e-60	G6PD
11	9.34263038163123e-64	1.53196258844416	0.477	0.146	2.30407950471789e-59	ZNF467
11	1.92292556982895e-63	3.33870030636952	0.118	0.011	4.74231904031215e-59	CELA1
11	2.64021937807279e-63	1.04381071332145	0.792	0.428	6.51130903020312e-59	C20orf27
11	3.5735977865382e-62	1.42520042252885	0.579	0.22	8.81320686116051e-58	QPCT
11	9.78907177560257e-62	0.771160183118424	0.959	0.642	2.41418088129911e-57	PGD
11	1.75749668391365e-61	1.21968110554236	0.7	0.288	4.33433832186785e-57	TNFSF10
11	3.22261742312611e-61	1.12934472764557	0.759	0.364	7.94761908891362e-57	PRAM1
11	3.23127866566547e-61	1.40340081701644	0.562	0.201	7.96897944526419e-57	SMARCD3
11	1.30955019705518e-60	1.0492425139047	0.8	0.424	3.22961269597748e-56	STX10
11	2.21491720998089e-60	1.51140707731739	0.515	0.179	5.46242882325486e-56	RAB27A
11	1.50058474981985e-59	1.36809905473715	0.59	0.244	3.70074211000572e-55	TCN2
11	1.56325268632059e-59	1.21276945691964	0.672	0.269	3.85529377500383e-55	MEGF9
11	1.22852706351256e-58	0.834089743998006	0.936	0.573	3.02979344403468e-54	GLRX
11	1.40890192235733e-58	1.57601090327789	0.436	0.135	3.47463392091765e-54	DYSF
11	1.66331778790298e-58	0.746087050534193	0.972	0.651	4.10207432852633e-54	MNDA
11	2.02234430043082e-58	2.9695858823019	0.128	0.014	4.98750551372249e-54	RP3-525N10.2
12	3.11936619778675e-86	2.21411641638639	0.484	0.136	7.69298091698168e-82	ZBTB16
12	1.36528388589106e-74	0.982063192788826	0.861	0.591	3.36706311938453e-70	TXNIP
12	1.63893943803117e-74	0.506489792350151	0.962	0.917	4.04195244207248e-70	RPS26
12	1.92429273150846e-71	0.692220385940922	0.973	0.736	4.74569073444617e-67	FCN1
12	3.01830993950893e-70	0.753685087125276	0.889	0.732	7.44375597281692e-66	C10orf54
12	3.17667046324104e-65	0.37620627511477	0.997	0.967	7.83430469644506e-61	CTSS
12	3.38301637990626e-65	0.810947825170971	0.867	0.662	8.34319499612483e-61	CD52
12	6.22320839157495e-64	0.577531622204868	0.97	0.834	1.53476765353021e-59	S100A9
12	1.50825019126915e-62	0.705029776421718	0.951	0.733	3.71964662170799e-58	S100A8
12	5.10704796518428e-62	0.398016676551937	1	0.956	1.25950016917375e-57	S100A6
12	4.96324529731318e-61	0.403418474595711	0.951	0.922	1.22403555522338e-56	ITGB2
12	2.48485081536741e-60	0.408594730590538	0.997	0.945	6.12813908085911e-56	S100A4
12	8.32584064092326e-59	0.436506992707706	0.962	0.913	2.05331881886449e-54	TSPO
12	9.96668030144459e-59	0.370801178277235	0.995	0.96	2.45798269594226e-54	LYZ
12	7.51720851683963e-54	0.318442860977684	0.984	0.981	1.85389396442299e-49	ATP5E
12	1.67720138038519e-53	0.363237408884514	0.986	0.949	4.13631404430594e-49	COTL1
12	2.11414147629076e-53	0.295780986801415	0.997	0.991	5.21389570882827e-49	HLA-C
12	1.15112517476942e-50	0.28956393304835	0.997	0.992	2.83890490601635e-46	RPL37
12	2.47445047742816e-50	1.30489844650779	0.639	0.384	6.10248976743333e-46	NUDT16
12	5.17722612990603e-50	0.447826504564093	0.943	0.894	1.27680750815743e-45	LST1
12	6.92753358459649e-50	0.288179128520666	0.995	0.997	1.70846833263319e-45	RPL34
12	3.85843638025698e-49	0.26759723778533	0.995	0.987	9.51567580098976e-45	PSAP
12	2.69644752546203e-48	0.276616218158773	0.995	0.995	6.64997888729446e-44	RPL26
12	6.65469127661828e-48	0.301106706843533	0.984	0.983	1.6411799626396e-43	PFDN5
12	7.60820307521927e-48	0.263000070799827	1	0.999	1.87633504241058e-43	TMSB10
12	1.27002780570872e-47	0.274301434599538	0.997	0.996	3.13214257443885e-43	RPS15
12	1.80346629355027e-47	0.268054302215199	0.992	0.997	4.44770857315368e-43	RPS28
12	4.44286984098009e-47	0.935700419093088	0.734	0.551	1.09570056018251e-42	FKBP5
12	4.96596963050261e-47	0.283550055127439	0.995	0.993	1.22470743027455e-42	RPL35A
12	1.0687507473281e-46	0.273444606201457	1	0.997	2.63575309306057e-42	RPS24
12	1.13993964694248e-46	0.271387222818318	1	0.997	2.81131915728954e-42	RPL32
12	1.35867254338728e-46	0.279894344833904	0.995	0.995	3.35075822650171e-42	RPLP2
12	1.60701535229891e-46	0.262672477190778	1	0.998	3.96322126183958e-42	AC090498.1
12	1.82282027425007e-46	0.267141361939755	1	0.999	4.49543936035552e-42	TYROBP
12	3.10967042754539e-46	0.27158563408554	0.995	0.997	7.66906920841243e-42	RPS14
12	3.46397072124171e-46	0.308699786911518	0.984	0.976	8.5428445927263e-42	COX4I1
12	5.14402458790168e-46	0.255045676181225	0.986	0.99	1.26861934386831e-41	RPS18
12	2.42030160219419e-45	0.258162765796914	0.997	0.997	5.96894781133131e-41	HLA-B
12	2.6885098410403e-45	0.260123594861118	0.997	0.999	6.63040296997358e-41	RPLP1
12	2.86913910073164e-45	0.355709035647445	0.948	0.927	7.07587085022437e-41	ATP5L
12	3.40466852524722e-45	0.259043375032424	0.997	0.999	8.39659351696471e-41	RPL13
12	4.28959932771475e-45	1.35474425224719	0.562	0.291	1.05790098620101e-40	FAM65B
12	5.55613224442126e-45	0.285651143356914	0.973	0.964	1.37025333411917e-40	RPL37A
12	5.96421932304295e-45	0.287320507221834	0.989	0.98	1.47089576944885e-40	RPL36
12	6.75336394125172e-45	0.64604867578878	0.848	0.728	1.6655146151915e-40	CSTA
12	1.04284973609884e-44	0.267464063630645	0.997	0.994	2.57187601916696e-40	SERF2
12	1.38243695455233e-44	0.265330183342443	0.992	0.996	3.40936601731695e-40	RPL39
12	1.58496215229338e-44	0.258925908608642	0.995	0.997	3.90883365998594e-40	RPL19
12	1.77969189082231e-44	0.313628647399522	0.957	0.956	4.38907614114597e-40	ATP5G2
12	2.1926558073059e-44	0.429443607472947	0.899	0.861	5.40752775197782e-40	GPX1
13	3.39824100830655e-183	4.3640594377223	0.448	0.041	8.38074197468562e-179	HILPDA
13	2.43768050359504e-154	3.95114964823102	0.401	0.038	6.01180765796609e-150	TNIP3
13	1.15325645714709e-133	3.95597186316368	0.384	0.041	2.84416107461615e-129	IL6
13	5.63560460124401e-129	2.63853923334863	0.772	0.209	1.3898528067588e-124	PTGS2
13	7.34879422000843e-123	1.95586621988002	0.931	0.406	1.81235963053848e-118	IL1RN
13	5.32262803600092e-120	3.129336812922	0.517	0.086	1.31266652623855e-115	IL1A
13	1.64200456893362e-113	3.49039862876331	0.496	0.085	4.0495116679041e-109	HIF1A-AS2
13	6.80836864296095e-110	5.85649223581993	0.112	0.003	1.67907987472703e-105	CSF3
13	8.70217022886078e-107	1.72060738451283	0.927	0.44	2.14612922184165e-102	C15orf48
13	9.9084734900877e-103	3.20567792977568	0.513	0.102	2.44362773212543e-98	INHBA
13	2.6022760437649e-102	2.22493855585104	0.746	0.22	6.417733179133e-98	CCL20
13	6.03043738810399e-92	1.06905218002014	0.974	0.749	1.48722646865421e-87	LDHA
13	1.09564635704595e-88	0.789064718283852	0.996	0.883	2.70208304574673e-84	CD44
13	9.94115524303758e-87	2.39817448462248	0.634	0.184	2.45168770603793e-82	TRAF1
13	4.94179015623592e-84	2.42308141953474	0.612	0.173	1.2187442883309e-79	TNFAIP6
13	8.00920668650468e-84	1.4176283023799	0.914	0.508	1.97523055302578e-79	CXCL8
13	8.50712052711854e-83	0.991038466767185	0.996	0.751	2.09802606439798e-78	BCL2A1
13	4.64372372307788e-80	1.17565976980456	0.944	0.654	1.14523514458547e-75	SLC2A3
13	9.39405632881675e-80	0.762342410193539	1	0.898	2.31676217181279e-75	TIMP1
13	9.93947675585785e-80	2.44721443338149	0.608	0.18	2.45127375752966e-75	HK2
13	1.00491767693563e-78	3.49329149577018	0.284	0.037	2.47832797485864e-74	ITGB8
13	1.25252181566735e-78	1.19425172936118	0.94	0.598	3.08896930179882e-74	IL1B
13	1.47104554913575e-76	3.01612299888391	0.491	0.122	3.62789253327859e-72	SNAPC1
13	3.67388830886922e-76	0.655573890455542	0.978	0.903	9.06054334733326e-72	ANXA5
13	2.80917759088132e-73	1.3061122108428	0.884	0.535	6.9279937746315e-69	CTSL
13	8.54182710254638e-71	0.712586617377305	0.974	0.882	2.10658540002999e-66	SOD2
13	9.75613138040787e-71	4.48631168061511	0.168	0.014	2.40605712103619e-66	CXCL5
13	1.74465339842653e-68	0.716257687017966	0.991	0.858	4.30266421119951e-64	PLAUR
13	2.80901703599581e-68	3.64465777878447	0.211	0.023	6.92759781417287e-64	IL23A
13	8.15319968582613e-67	1.1566997150294	0.905	0.592	2.01074210651844e-62	TREM1
13	1.13324360460112e-66	1.20836074746006	0.888	0.53	2.79480537766729e-62	G0S2
13	7.25343378784334e-66	0.711404043269527	0.961	0.84	1.78884184075792e-61	ENO1
13	5.95686526299882e-65	0.965987912501523	0.922	0.7	1.46908211116077e-60	IER3
13	1.24796977008403e-64	1.80426615699261	0.724	0.317	3.07774304698123e-60	CCL3L3
13	1.55314479836263e-64	4.27663117845049	0.134	0.009	3.83036570172192e-60	TRGC1
13	1.80162899794944e-64	1.96307805532046	0.681	0.276	4.44317743474291e-60	NDRG1
13	3.98622791104032e-64	1.80026795238017	0.703	0.303	9.83083527420764e-60	CXCL3
13	8.428768417782e-63	2.61978569808117	0.448	0.114	2.0787028671934e-58	TNFSF14
13	2.99758245171246e-62	0.947365233837436	0.901	0.715	7.39263784241328e-58	FCGR2A
13	6.68761869646637e-62	1.35732255465161	0.815	0.467	1.64930052292254e-57	CXCL2
13	7.18486669227002e-61	0.942959948118184	0.935	0.717	1.77193182364763e-56	UPP1
13	1.06882686780043e-60	3.26215508148509	0.259	0.039	2.63594082136941e-56	JHDM1D-AS1
13	1.08773772944473e-60	1.39257108452739	0.819	0.501	2.68257878835659e-56	IVNS1ABP
13	1.20752993556763e-60	1.2567100505004	0.871	0.539	2.9780103270969e-56	SLC25A37
13	1.82319036392703e-60	0.777976338778694	0.957	0.826	4.49635207551685e-56	CSTB
13	3.49543419059354e-58	0.694237762414789	0.953	0.845	8.62043980084178e-54	PPP1R15A
13	6.38462175351896e-58	1.46205571800405	0.78	0.439	1.57457541685285e-53	CCL3
13	1.38012754345778e-57	0.606322813772485	0.957	0.897	3.40367054767558e-53	TPI1
13	2.25456876086734e-57	0.524576249018538	0.983	0.917	5.56021747805104e-53	LGALS1
13	4.02960190091843e-57	1.94877781777442	0.603	0.225	9.93780420804504e-53	IRAK2
14	0	10.0238609457019	0.269	0	0	NEK2
14	0	9.98283188382181	0.224	0	0	SPC25
14	0	9.75188789871938	0.254	0	0	KIF20A
14	0	9.48493968941066	0.299	0	0	HIST1H3B
14	0	9.28390913679396	0.627	0.001	0	GTSE1
14	0	9.25664181327057	0.284	0	0	DEPDC1
14	0	9.1602585875426	0.388	0.001	0	KIF4A
14	0	8.56156668671808	0.239	0.001	0	HJURP
14	0	8.52829891409251	0.269	0.001	0	DLGAP5
14	0	8.51109337183108	0.955	0.004	0	MKI67
14	0	8.44486298873137	0.806	0.003	0	BIRC5
14	0	8.29686711321702	0.418	0.001	0	CDCA3
14	0	8.22699541283365	0.716	0.003	0	UBE2C
14	0	8.18453034186869	0.358	0.001	0	BUB1B
14	0	7.97088028572475	0.313	0.001	0	KIF15
14	0	7.96028987801927	0.388	0.001	0	KIF2C
14	0	7.949726156577	0.567	0.003	0	TROAP
14	0	7.947531453544	0.373	0.001	0	FAM64A
14	0	7.90596619989279	0.358	0.002	0	MELK
14	0	7.86505231490548	0.239	0.001	0	SKA1
14	0	7.84467513255224	0.403	0.002	0	MYBL2
14	0	7.84244789756027	0.701	0.003	0	CDC20
14	0	7.79003727984217	0.552	0.003	0	HMMR
14	0	7.62374244807203	0.343	0.002	0	CENPA
14	0	7.59847170901013	0.433	0.002	0	CCNA2
14	0	7.52470364638003	0.672	0.004	0	TPX2
14	0	7.50280635639145	0.418	0.001	0	DIAPH3
14	0	7.49465789731958	0.373	0.002	0	CIT
14	0	7.40378430065711	0.612	0.003	0	PLK1
14	0	7.32962718764368	0.687	0.005	0	CENPM
14	0	7.29683886653162	0.358	0.002	0	NDC80
14	0	7.24329271507874	0.388	0.003	0	CDCA8
14	0	7.24079515154703	0.418	0.003	0	ASPM
14	0	7.2057615003081	0.313	0.002	0	MND1
14	0	7.18370706202127	0.313	0.002	0	CDCA5
14	0	7.18282103840942	0.373	0.002	0	CKAP2L
14	0	7.16848398331606	0.448	0.003	0	NUF2
14	0	7.03656160808291	0.433	0.003	0	ANLN
14	0	7.03608868664947	0.358	0.003	0	BUB1
14	0	6.99200210909951	0.433	0.003	0	FOXM1
14	0	6.97384809120891	0.687	0.006	0	KIAA0101
14	0	6.96987615503951	0.552	0.004	0	CEP55
14	0	6.95828496680146	0.866	0.009	0	CENPF
14	0	6.93297270251651	0.582	0.005	0	RRM2
14	0	6.79064516910124	0.388	0.004	0	PKMYT1
14	0	6.70015206274202	0.463	0.005	0	NCAPH
14	0	6.65532111904803	0.463	0.003	0	AURKB
14	0	6.64374070718174	0.672	0.007	0	CCNB2
14	0	6.57874435690692	0.403	0.003	0	KIF11
14	0	6.5455756464434	0.716	0.008	0	TOP2A
15	0	12.107118830706	0.188	0	0	NDST3
15	0	9.80676264526472	0.979	0.003	0	CD5L
15	0	8.50812367801707	0.438	0.003	0	SELENBP1
15	0	8.32577394308104	0.5	0.004	0	TIMD4
15	0	7.59113783110057	0.75	0.01	0	CETP
15	1.8338845464589e-297	7.53995555398273	0.5	0.006	4.52272606847695e-293	ITLN1
15	2.57776650093223e-246	7.32725177906462	0.542	0.01	6.35728774459907e-242	VCAM1
15	8.10518493044055e-161	9.0077652737045	0.125	0	1.99890070754525e-156	PHKA1
15	2.70580845099206e-131	5.25081239176474	0.729	0.04	6.67306480183662e-127	CXCL12
15	2.64935705339419e-123	6.57439723431611	0.292	0.006	6.53384436508075e-119	FEZ1
15	6.78297862014158e-122	5.36604471974136	0.667	0.035	1.67281818729932e-117	IFI27
15	4.33273797813705e-95	3.90657991959126	0.979	0.11	1.06853984016816e-90	SEPP1
15	3.72718935542114e-86	8.33744334798111	0.104	0.001	9.19199438833962e-82	TSPAN6
15	2.47784879840701e-83	7.29824905917879	0.188	0.003	6.11087070663136e-79	SPIC
15	8.38766704500329e-79	6.97615184846973	0.167	0.003	2.06856644663871e-74	KCNAB1
15	1.71345208352227e-60	3.62282615037198	0.938	0.176	4.22571552838261e-56	SLC40A1
15	1.3911010946036e-59	5.73805140577404	0.312	0.015	3.4307335195114e-55	RP11-733O18.1
15	2.64234725745693e-57	5.69446398595042	0.188	0.005	6.51655680634029e-53	CCL14
15	1.82929062980492e-56	4.96790158489571	0.521	0.047	4.5113965512249e-52	FABP3
15	6.96900516111928e-54	2.90939945765916	1	0.244	1.71869605283524e-49	C1QB
15	2.51928882348643e-52	2.85819055813397	1	0.253	6.21307009648225e-48	C1QC
15	8.11416318685253e-48	2.68640779541593	1	0.287	2.00111492514157e-43	C1QA
15	9.29254323507701e-46	6.40515703066083	0.125	0.003	2.29172701263469e-41	CDH5
15	9.79113149565033e-44	2.95578192781422	0.938	0.27	2.41468884945728e-39	MARCO
15	7.73290554574178e-39	2.77481132755647	0.854	0.219	1.90708916569084e-34	APOE
15	3.12404046923244e-36	3.01519777233682	0.792	0.197	7.70450860522105e-32	FOLR2
15	1.24817950525334e-33	2.56126861578108	0.833	0.236	3.07826029585578e-29	APOC1
15	4.7459241418507e-31	1.84957712368016	0.979	0.562	1.17043981186322e-26	HMOX1
15	1.13158358963987e-29	3.6546689361397	0.583	0.117	2.79071144876986e-25	NR1H3
15	1.06657171359682e-28	1.1900932132547	1	0.793	2.63037916007248e-24	MS4A6A
15	4.08266188926114e-28	1.38260280717207	0.979	0.709	1.00686607512958e-23	MS4A7
15	1.24450417596128e-27	4.32128485701662	0.333	0.038	3.0691961987557e-23	IGFBP4
15	1.65726511760229e-27	5.59874376529847	0.146	0.007	4.08714723303076e-23	BCAM
15	1.87867478847689e-27	5.6969361101472	0.125	0.005	4.63318776334172e-23	RGL3
15	8.04192085594075e-27	5.80957762998447	0.146	0.007	1.98329852149211e-22	SLC25A4
15	9.99537827875933e-27	0.860449628688058	1	0.941	2.46506019110763e-22	CD68
15	1.16660124837992e-25	3.11350687641079	0.646	0.17	2.87707199875455e-21	C1orf54
15	3.3856425854889e-25	1.08204515803218	0.958	0.851	8.34967174433272e-21	FCGRT
15	6.26110903577188e-25	0.643970278533696	1	1	1.54411471040206e-20	FTL
15	8.46759934993919e-25	1.36651718993791	0.938	0.705	2.088279351682e-20	PRDX1
15	1.22471538733465e-24	0.793985382937697	0.979	0.944	3.02039308824472e-20	YBX1
15	1.65419991241996e-24	0.622667413221924	1	0.999	4.0795878240101e-20	TMSB4X
15	1.88353588829675e-23	1.29397129459465	0.938	0.732	4.64517620771746e-19	BLVRB
15	2.28743786128541e-23	0.68836493464483	1	0.977	5.64127925350208e-19	AIF1
15	2.63794593601148e-23	0.684338449299289	0.979	0.967	6.50570226739152e-19	PPIA
15	5.70445560352046e-23	4.30002956404993	0.354	0.051	1.40683284094022e-18	TMEM37
15	8.09668763369172e-23	0.590203469456609	1	0.999	1.99680510422105e-18	TMSB10
15	1.3772231704701e-22	4.15402658487061	0.333	0.046	3.39650778301335e-18	ME1
15	2.52210983047641e-22	5.63357423288676	0.125	0.007	6.22002726392092e-18	HOXB7
15	3.27794562352708e-22	5.20152406553078	0.146	0.009	8.08406949674249e-18	ITGAD
